question_id,question
lcdq000001,Một nhóm người lao động tự thành lập hiệp hội để bảo vệ quyền lợi của mình có được coi là công đoàn không?
lcdq000002,Công đoàn có những vai trò cụ thể nào trong việc bảo vệ quyền lợi của người lao động?
lcdq000003,Một công ty không cho phép công đoàn tham gia vào quá trình xây dựng nội quy lao động. Hành vi này có vi phạm pháp luật không?
lcdq000004,Thế nào là 'tổ chức chính trị - xã hội' trong định nghĩa về công đoàn?
lcdq000005,Luật Công đoàn quy định công đoàn có những trách nhiệm gì đối với người lao động?
lcdq000006,"Luật này có áp dụng cho tất cả các loại hình doanh nghiệp, kể cả doanh nghiệp có vốn đầu tư nước ngoài không?"
lcdq000007,Luật này sẽ giúp gì cho người lao động trong việc bảo vệ quyền lợi của mình?
lcdq000008,"Ông A, giám đốc một công ty, cản trở việc thành lập công đoàn cơ sở trong công ty mình. Ông A có vi phạm pháp luật không?"
lcdq000009,Hiểu như thế nào về cụm từ 'hoạt động công đoàn'?
lcdq000010,Luật này quy định về những nội dung chính nào liên quan đến hoạt động công đoàn?
lcdq000011,Một công ty 100% vốn nước ngoài có trụ sở tại Việt Nam có phải tuân thủ Luật Công đoàn không?
lcdq000012,Những ai được coi là đối tượng chịu sự tác động của Luật Công đoàn?
lcdq000013,"Một tổ chức phi chính phủ của nước ngoài hoạt động tại Việt Nam, có thuê lao động Việt Nam, nhưng không muốn cho thành lập công đoàn. Điều này có vi phạm pháp luật không?"
lcdq000014,"Thế nào là 'cơ quan, tổ chức, doanh nghiệp' được nhắc đến trong Luật Công đoàn?"
lcdq000015,Luật Công đoàn quy định những ai là đối tượng áp dụng của luật này?
lcdq000016,Một nhóm người lao động tự thành lập 'Hội bảo vệ quyền lợi' có được coi là công đoàn không?
lcdq000017,Làm sao để biết một tổ chức có phải là công đoàn hợp pháp hay không?
lcdq000018,Công ty X có một nhóm công nhân tự đứng ra thành lập 'Công đoàn độc lập' mà không thông qua Tổng Liên đoàn Lao động Việt Nam. Hành động này có đúng luật không?
lcdq000019,Thế nào là 'đoàn viên công đoàn'?
lcdq000020,Luật Công đoàn định nghĩa về 'Tổ chức công đoàn' như thế nào?
lcdq000021,Một người lao động chưa phải là đoàn viên công đoàn có quyền tham gia các hoạt động do công đoàn tổ chức không?
lcdq000022,Những quyền lợi cụ thể nào mà người lao động có thể thực hiện thông qua 'quyền công đoàn'?
lcdq000023,"Ông A, một công nhân, bị công ty cấm tham gia một cuộc đình công hợp pháp do công đoàn tổ chức. Công ty có vi phạm quyền công đoàn của ông A không?"
lcdq000024,Thế nào là 'quyền công đoàn' theo luật định?
lcdq000025,Luật Công đoàn định nghĩa 'quyền công đoàn' như thế nào?
lcdq000026,"Một nhóm người lao động tự thành lập 'Hội đồng người lao động' trong công ty, như vậy có được coi là công đoàn cơ sở không?"
lcdq000027,Làm thế nào để thành lập một công đoàn cơ sở hợp pháp trong doanh nghiệp?
lcdq000028,Công ty X có nhiều chi nhánh. Mỗi chi nhánh có một 'ban đại diện người lao động'. Vậy mỗi ban này có được xem là một công đoàn cơ sở không?
lcdq000029,Thế nào là 'công đoàn cấp trên trực tiếp cơ sở'?
lcdq000030,Nêu định nghĩa chính xác về công đoàn cơ sở theo Luật Công đoàn?
lcdq000031,Một liên đoàn lao động tỉnh có phải là công đoàn cấp trên trực tiếp cơ sở của tất cả công đoàn cơ sở trong tỉnh đó không?
lcdq000032,Công đoàn cấp trên trực tiếp cơ sở có những vai trò cụ thể nào đối với công đoàn cơ sở?
lcdq000033,Công đoàn cơ sở A muốn tổ chức một cuộc đình công để phản đối chính sách của công ty. Công đoàn cấp trên trực tiếp cơ sở có quyền can thiệp vào quyết định này không?
lcdq000034,Thế nào là 'liên kết công đoàn cơ sở' theo định nghĩa về công đoàn cấp trên trực tiếp cơ sở?
lcdq000035,Đâu là nội dung cốt lõi định nghĩa về công đoàn cấp trên trực tiếp cơ sở?
lcdq000036,"Một người làm công việc công đoàn bán thời gian, ngoài giờ làm việc chính thì có được coi là cán bộ công đoàn chuyên trách không?"
lcdq000037,Để trở thành cán bộ công đoàn chuyên trách thì cần đáp ứng những điều kiện gì?
lcdq000038,"Anh A là nhân viên hành chính của một công ty, đồng thời là chủ tịch công đoàn cơ sở. Anh A có phải là cán bộ công đoàn chuyên trách không?"
lcdq000039,Thế nào là 'công việc thường xuyên' của tổ chức công đoàn mà cán bộ công đoàn chuyên trách đảm nhiệm?
lcdq000040,Luật Công đoàn định nghĩa cán bộ công đoàn chuyên trách như thế nào?
lcdq000041,Một người lao động bình thường có thể trở thành cán bộ công đoàn không chuyên trách không?
lcdq000042,Làm thế nào để một người lao động trở thành cán bộ công đoàn không chuyên trách?
lcdq000043,"Anh A là nhân viên văn phòng, được bầu làm Thủ quỹ công đoàn. Vậy anh A có phải là cán bộ công đoàn không chuyên trách không?"
lcdq000044,Thế nào là 'cán bộ công đoàn không chuyên trách'?
lcdq000045,Điều kiện để một người được coi là cán bộ công đoàn không chuyên trách là gì?
lcdq000046,Một văn phòng đại diện của công ty nước ngoài có được coi là đơn vị sử dụng lao động không?
lcdq000047,Những yếu tố nào xác định một tổ chức là 'đơn vị sử dụng lao động' theo Luật Công đoàn?
lcdq000048,Ông A thuê 3 người làm việc thời vụ tại nhà và trả tiền công theo ngày. Ông A có được xem là đơn vị sử dụng lao động không?
lcdq000049,Thế nào là 'sử dụng lao động' trong định nghĩa về đơn vị sử dụng lao động?
lcdq000050,Luật Công đoàn định nghĩa 'Đơn vị sử dụng lao động' như thế nào?
lcdq000051,"Nếu công ty không cho phép thành lập công đoàn, người lao động có thể coi đây là một dạng tranh chấp về quyền công đoàn không?"
lcdq000052,"Khi phát sinh tranh chấp về quyền công đoàn, người lao động hoặc tổ chức công đoàn cần làm gì để giải quyết?"
lcdq000053,"Anh A, là chủ tịch công đoàn cơ sở, bị công ty kỷ luật vì tổ chức đình công không đúng quy trình. Anh A cho rằng đây là tranh chấp về quyền công đoàn và không chấp nhận quyết định kỷ luật. Điều này có đúng không?"
lcdq000054,Thế nào là 'quyền công đoàn' trong bối cảnh tranh chấp?
lcdq000055,Luật quy định những ai có thể là một bên trong tranh chấp về quyền công đoàn?
lcdq000056,Điều lệ Công đoàn có phải do Tổng Liên đoàn Lao động Việt Nam ban hành không?
lcdq000057,Điều lệ Công đoàn Việt Nam thường đề cập đến những vấn đề gì?
lcdq000058,"Một công nhân muốn biết quyền lợi và nghĩa vụ của mình khi tham gia công đoàn, thì có thể tìm thấy thông tin này ở đâu?"
lcdq000059,"Vậy, 'Điều lệ Công đoàn Việt Nam' có vai trò gì trong hệ thống pháp luật?"
lcdq000060,Điều lệ Công đoàn Việt Nam quy định những gì về 'cơ cấu tổ chức bộ máy của Công đoàn'?
lcdq000061,Người nước ngoài làm việc tại Việt Nam có được tham gia công đoàn Việt Nam không?
lcdq000062,"Tôi muốn thành lập công đoàn tại công ty, tôi cần làm những gì?"
lcdq000063,"Anh A bị công ty ép không được tham gia công đoàn, nếu không sẽ bị cắt thưởng. Hành động này có đúng luật không?"
lcdq000064,Hoạt động công đoàn được hiểu như thế nào?
lcdq000065,Điều luật nào khẳng định quyền thành lập công đoàn của người lao động?
lcdq000066,Người lao động có được tự thành lập công đoàn ở công ty không?
lcdq000067,"Tôi muốn thành lập công đoàn cơ sở tại công ty, tôi cần bắt đầu từ đâu?"
lcdq000068,Anh A bị công ty gây khó dễ khi tham gia công đoàn. Công ty nói rằng việc tham gia công đoàn làm ảnh hưởng đến năng suất làm việc. Công ty có quyền đó không?
lcdq000069,Điều lệ Công đoàn Việt Nam là gì?
lcdq000070,Điều luật nào quy định về trình tự thành lập công đoàn?
lcdq000071,Nếu tôi không muốn tham gia công đoàn thì có bị ép buộc không?
lcdq000072,Nguyên tắc 'tập trung dân chủ' trong hoạt động công đoàn được hiểu như thế nào?
lcdq000073,Một số thành viên công đoàn phản đối quyết định của ban chấp hành về việc sử dụng quỹ công đoàn. Ban chấp hành có quyền bác bỏ ý kiến của họ không?
lcdq000074,Thế nào là 'cơ sở tự nguyện' trong việc thành lập công đoàn?
lcdq000075,Điều luật nào quy định về nguyên tắc tổ chức và hoạt động của công đoàn?
lcdq000076,Công đoàn có thể tự đặt ra quy định trái với luật lao động không?
lcdq000077,Làm thế nào để biết công đoàn hoạt động có đúng quy định không?
lcdq000078,Công đoàn cơ sở tại công ty X tổ chức đình công mà không thông báo trước cho ban giám đốc. Việc này có đúng luật không?
lcdq000079,Vậy 'Điều lệ Công đoàn Việt Nam' là gì?
lcdq000080,Luật quy định như thế nào về mối liên hệ giữa Điều lệ Công đoàn và pháp luật nhà nước?
lcdq000081,"Ngoài Tổng Liên đoàn Lao động Việt Nam, công đoàn cấp tỉnh có phải là một bộ phận của hệ thống tổ chức công đoàn không?"
lcdq000082,Làm thế nào để biết các cấp công đoàn được tổ chức và hoạt động cụ thể như thế nào?
lcdq000083,Một nhóm công nhân muốn thành lập một tổ chức đại diện cho quyền lợi của mình nhưng không muốn gia nhập hệ thống công đoàn hiện tại. Điều này có hợp pháp không?
lcdq000084,Thế nào là 'công đoàn các cấp' trong hệ thống tổ chức công đoàn?
lcdq000085,Luật Công đoàn quy định những cấp công đoàn nào?
lcdq000086,Một văn phòng đại diện của công ty nước ngoài tại Việt Nam có được thành lập công đoàn cơ sở không?
lcdq000087,Những loại hình đơn vị nào có thể thành lập công đoàn cơ sở?
lcdq000088,Một nhóm công nhân trong một xưởng sản xuất nhỏ muốn thành lập công đoàn nhưng chủ xưởng không đồng ý. Họ có quyền làm gì?
lcdq000089,Công đoàn cơ sở được hiểu như thế nào?
lcdq000090,Luật Công đoàn quy định công đoàn cơ sở được thành lập ở những đâu?
lcdq000091,Công đoàn Việt Nam có thể tham gia các tổ chức công đoàn quốc tế không?
lcdq000092,Công đoàn cần tuân thủ những nguyên tắc nào khi hợp tác với các tổ chức công đoàn nước ngoài?
lcdq000093,Một tổ chức công đoàn nước ngoài đề nghị hỗ trợ tài chính cho công đoàn cơ sở tại Việt Nam để tổ chức đình công. Công đoàn cơ sở có được nhận khoản hỗ trợ này không?
lcdq000094,Thế nào là 'thông lệ quốc tế' trong hợp tác công đoàn?
lcdq000095,Điều luật nào quy định về việc hợp tác quốc tế của công đoàn phải phù hợp với pháp luật Việt Nam?
lcdq000096,Công đoàn cơ sở của một công ty có vốn đầu tư nước ngoài có được tự ý tham gia một tổ chức công đoàn quốc tế không?
lcdq000097,Công đoàn cấp tỉnh muốn tham gia một tổ chức công đoàn quốc tế thì cần thực hiện những bước nào?
lcdq000098,Một nhóm cán bộ công đoàn tự ý tham gia một hội thảo quốc tế về quyền lợi người lao động mà không thông báo cho công đoàn cấp trên. Hành vi này có vi phạm quy định không?
lcdq000099,Thế nào là 'phù hợp với quy định của pháp luật' trong bối cảnh công đoàn tham gia tổ chức quốc tế?
lcdq000100,Luật Công đoàn quy định cụ thể như thế nào về việc tuân thủ Điều lệ Công đoàn Việt Nam khi gia nhập tổ chức quốc tế?
lcdq000101,Công ty không cho phép thành lập công đoàn cơ sở có phải là hành vi vi phạm không?
lcdq000102,"Nếu công ty gây khó dễ cho hoạt động công đoàn, người lao động nên làm gì?"
lcdq000103,"Anh A là chủ tịch công đoàn cơ sở, bị giám đốc công ty điều chuyển sang vị trí công việc khác với mức lương thấp hơn vì 'hoạt động công đoàn gây mất thời gian'. Hành động này có vi phạm không?"
lcdq000104,"Thế nào là 'cản trở, gây khó khăn trong việc thực hiện quyền công đoàn'?"
lcdq000105,Luật nào quy định về việc nghiêm cấm cản trở quyền công đoàn?
lcdq000106,"Nếu tôi tham gia công đoàn, công ty có được phép hạ bậc lương của tôi không?"
lcdq000107,"Nếu tôi bị phân biệt đối xử vì tham gia công đoàn, tôi có thể làm gì để bảo vệ quyền lợi của mình?"
lcdq000108,"Anh A là thành viên ban chấp hành công đoàn. Công ty điều chuyển anh đến một vị trí công việc khó khăn hơn, không liên quan đến chuyên môn của anh. Việc này có vi phạm luật không?"
lcdq000109,Thế nào là 'hành vi gây bất lợi' đối với người lao động liên quan đến hoạt động công đoàn?
lcdq000110,Luật quy định như thế nào về việc cấm phân biệt đối xử với người lao động tham gia công đoàn?
lcdq000111,"Công ty giảm lương của nhân viên vì họ tham gia công đoàn, như vậy có vi phạm luật không?"
lcdq000112,Nếu công ty có hành vi gây khó khăn cho công đoàn hoạt động thì công đoàn nên làm gì?
lcdq000113,"Ông A là giám đốc một công ty, ông ra lệnh không cho công đoàn sử dụng phòng họp của công ty nữa. Hành động này có vi phạm luật không?"
lcdq000114,Thế nào là 'biện pháp khác gây bất lợi' đối với công đoàn?
lcdq000115,Luật Công đoàn quy định cụ thể những hành vi nào bị coi là gây bất lợi cho hoạt động công đoàn?
lcdq000116,Nếu công đoàn dùng tiền quỹ để tổ chức biểu tình trái phép thì có bị coi là vi phạm không?
lcdq000117,Công đoàn viên cần làm gì khi phát hiện chủ tịch công đoàn lạm quyền để tư lợi?
lcdq000118,"Ông A, chủ tịch công đoàn công ty X, đã gây áp lực buộc ban giám đốc phải ký hợp đồng với công ty của vợ mình, nếu không sẽ kích động công nhân đình công. Hành vi này có vi phạm luật không?"
lcdq000119,Thế nào là 'lợi dụng quyền công đoàn' theo luật?
lcdq000120,Luật Công đoàn quy định những hành vi nào bị coi là 'xâm phạm lợi ích của Nhà nước'?
lcdq000121,Công đoàn có thể giúp người lao động hiểu rõ hơn về hợp đồng lao động trước khi ký không?
lcdq000122,Công đoàn sẽ hỗ trợ người lao động như thế nào trong việc hiểu và thực hiện hợp đồng lao động?
lcdq000123,Anh A được công ty yêu cầu ký một hợp đồng lao động có nhiều điều khoản bất lợi. Công đoàn có thể giúp anh A không?
lcdq000124,"Hoạt động 'hướng dẫn, tư vấn về hợp đồng lao động' của công đoàn bao gồm những gì?"
lcdq000125,Luật quy định cụ thể công đoàn có trách nhiệm tư vấn về hợp đồng lao động ở đâu?
lcdq000126,Công đoàn có quyền đứng ra đàm phán với công ty về việc tăng lương cho toàn bộ công nhân không?
lcdq000127,Công đoàn thực hiện việc giám sát thỏa ước lao động tập thể như thế nào?
lcdq000128,"Tại một công ty X, thỏa ước lao động tập thể quy định về chế độ nâng lương định kỳ. Tuy nhiên, công đoàn phát hiện công ty không thực hiện đúng quy định này. Công đoàn nên làm gì?"
lcdq000129,Thỏa ước lao động tập thể có vai trò gì trong việc bảo vệ quyền lợi của người lao động?
lcdq000130,Luật Công đoàn quy định như thế nào về quyền thương lượng thỏa ước lao động tập thể của công đoàn?
lcdq000131,Nếu công ty tôi không cho công đoàn tham gia xây dựng quy chế lương thưởng thì có đúng luật không?
lcdq000132,Công đoàn có vai trò cụ thể như thế nào trong việc xây dựng thang bảng lương?
lcdq000133,Công ty X tự ý ban hành nội quy lao động mới mà không thông báo cho công đoàn. Công đoàn nên làm gì?
lcdq000134,Thế nào là 'giám sát việc thực hiện quy chế trả lương' của công đoàn?
lcdq000135,Luật Công đoàn quy định quyền của công đoàn trong việc xây dựng những loại văn bản nào của công ty?
lcdq000136,Công đoàn có quyền đứng ra nói chuyện với công ty về việc tăng lương cho công nhân không?
lcdq000137,Công đoàn sử dụng quyền đối thoại để bảo vệ quyền lợi người lao động như thế nào?
lcdq000138,Một nhóm công nhân bị công ty nợ lương nhiều tháng. Công đoàn có thể làm gì để giúp họ?
lcdq000139,"Quyền 'đại diện, bảo vệ quyền, lợi ích hợp pháp, chính đáng của người lao động' của công đoàn bao gồm những gì?"
lcdq000140,Điều luật nào quy định về việc công đoàn được đối thoại để bảo vệ quyền lợi người lao động?
lcdq000141,"Công ty tôi không cho phép công đoàn tổ chức tư vấn pháp luật cho công nhân, vậy có đúng luật không?"
lcdq000142,Công đoàn thường tư vấn cho người lao động những vấn đề pháp luật nào?
lcdq000143,Anh A bị công ty sa thải trái luật và muốn kiện công ty. Anh A có thể tìm đến công đoàn để được giúp đỡ pháp lý không?
lcdq000144,Hoạt động 'tư vấn pháp luật' của công đoàn bao gồm những gì?
lcdq000145,Điều luật nào khẳng định công đoàn có quyền tư vấn pháp luật cho người lao động?
lcdq000146,"Nếu công ty tôi và một đồng nghiệp xảy ra tranh chấp, công đoàn có thể đứng ra bảo vệ quyền lợi cho đồng nghiệp của tôi không?"
lcdq000147,Công đoàn tham gia giải quyết tranh chấp lao động như thế nào?
lcdq000148,Anh A bị công ty sa thải trái luật. Công đoàn cơ sở nơi anh A làm việc có vai trò gì trong việc bảo vệ quyền lợi cho anh A?
lcdq000149,Thế nào là 'tham gia giải quyết tranh chấp lao động' theo luật công đoàn?
lcdq000150,Luật Công đoàn quy định cụ thể quyền của công đoàn trong việc giải quyết tranh chấp lao động như thế nào?
lcdq000151,Công đoàn có được phép thay mặt người lao động để khiếu nại khi quyền lợi của họ bị ảnh hưởng không?
lcdq000152,"Nếu công ty tôi không trả lương đúng hạn, công đoàn sẽ làm gì để bảo vệ quyền lợi cho chúng tôi?"
lcdq000153,Công ty X sa thải hàng loạt nhân viên trái pháp luật. Công đoàn cơ sở đã đứng ra bảo vệ nhưng không thành công. Vậy công đoàn cấp trên có thể làm gì?
lcdq000154,"Thế nào là 'quyền, lợi ích hợp pháp, chính đáng' của người lao động mà công đoàn có trách nhiệm bảo vệ?"
lcdq000155,Luật quy định công đoàn có quyền kiến nghị lên cơ quan nào để bảo vệ người lao động?
lcdq000156,Công đoàn có thể tự mình kiện công ty nếu thấy quyền lợi của một nhóm công nhân bị ảnh hưởng không?
lcdq000157,"Nếu một mình tôi bị công ty đối xử bất công, tôi cần làm gì để công đoàn có thể đại diện tôi đi kiện?"
lcdq000158,"Ông A bị công ty sa thải trái luật, ông muốn nhờ công đoàn khởi kiện giúp nhưng công đoàn từ chối vì ông không đóng đoàn phí đầy đủ. Việc này có đúng không?"
lcdq000159,"Thế nào là 'quyền, lợi ích hợp pháp, chính đáng của tập thể người lao động'?"
lcdq000160,Luật Công đoàn quy định như thế nào về việc công đoàn đại diện người lao động khởi kiện?
lcdq000161,Công đoàn có được phép đứng ra kiện công ty giúp người lao động khi công ty nợ lương không?
lcdq000162,Nếu muốn công đoàn đại diện mình tham gia vụ kiện tranh chấp lao động thì cần làm những gì?
lcdq000163,"Anh A bị công ty sa thải trái luật. Công đoàn đã đứng ra khởi kiện công ty để đòi lại quyền lợi cho anh A. Trong quá trình tố tụng, công đoàn có được quyền tự quyết định các vấn đề liên quan đến vụ kiện, ví dụ như hòa giải hay rút đơn kiện không?"
lcdq000164,Thế nào là 'vụ án lao động' mà công đoàn có quyền tham gia?
lcdq000165,Luật quy định cụ thể công đoàn được tham gia những loại vụ án nào để bảo vệ người lao động?
lcdq000166,Công đoàn có quyền đứng ra bảo vệ quyền lợi cho người lao động khi bị công ty trả lương không đúng hạn không?
lcdq000167,Công đoàn cần làm gì để tổ chức một cuộc đình công hợp pháp?
lcdq000168,Công ty Z sa thải hàng loạt công nhân trái pháp luật. Công đoàn cơ sở của công ty này có quyền tự đứng ra tổ chức đình công ngay lập tức không?
lcdq000169,"Thế nào là 'quyền, lợi ích hợp pháp, chính đáng' của người lao động mà công đoàn có trách nhiệm bảo vệ?"
lcdq000170,Luật Công đoàn quy định như thế nào về việc tổ chức đình công?
lcdq000171,Công đoàn có được góp ý khi nhà nước xây dựng luật về lương tối thiểu không?
lcdq000172,"Công đoàn tham gia xây dựng chính sách, pháp luật bằng những cách nào?"
lcdq000173,Một dự thảo luật mới về an toàn lao động không lấy ý kiến công đoàn. Như vậy có đúng quy trình không?
lcdq000174,Thế nào là 'tham gia quản lý nhà nước' của công đoàn trong lĩnh vực lao động?
lcdq000175,"Luật quy định công đoàn được tham gia xây dựng những loại chính sách, pháp luật nào?"
lcdq000176,Công đoàn có được quyền tự ý xây dựng tiêu chuẩn an toàn lao động mà không cần phối hợp với cơ quan nhà nước không?
lcdq000177,Công đoàn tham gia vào việc nghiên cứu ứng dụng khoa học kỹ thuật bảo hộ lao động như thế nào?
lcdq000178,"Một công ty phớt lờ ý kiến của công đoàn về việc trang bị hệ thống thông gió hiện đại hơn, gây ảnh hưởng đến sức khỏe người lao động. Công đoàn nên làm gì?"
lcdq000179,"Thế nào là 'tiêu chuẩn, quy chuẩn an toàn, vệ sinh lao động'?"
lcdq000180,Luật Công đoàn quy định về việc công đoàn tham gia xây dựng tiêu chuẩn an toàn lao động như thế nào?
lcdq000181,Công đoàn có được quyền tham gia vào việc quản lý quỹ bảo hiểm y tế của công ty không?
lcdq000182,"Khi người lao động muốn khiếu nại về vấn đề lương thưởng, công đoàn sẽ tham gia giải quyết như thế nào?"
lcdq000183,"Anh A bị công ty nợ lương 3 tháng, anh muốn nhờ công đoàn can thiệp thì công đoàn có trách nhiệm gì?"
lcdq000184,Thế nào là 'tham gia quản lý nhà nước' của công đoàn trong lĩnh vực bảo hiểm xã hội?
lcdq000185,Luật quy định công đoàn tham gia giải quyết tranh chấp lao động thông qua hình thức nào?
lcdq000186,Công đoàn có vai trò gì trong việc giải quyết tranh chấp giữa người lao động và công ty không?
lcdq000187,Công đoàn có thể làm gì để xây dựng quan hệ lao động tốt đẹp trong công ty?
lcdq000188,"Công ty X thường xuyên vi phạm các quy định về thời giờ làm việc, nghỉ ngơi. Công đoàn có trách nhiệm gì trong trường hợp này?"
lcdq000189,"Thế nào là 'quan hệ lao động hài hòa, ổn định và tiến bộ'?"
lcdq000190,Điều luật nào quy định về việc công đoàn tham gia xây dựng quan hệ lao động?
lcdq000191,Công đoàn có được quyền góp ý vào việc xây dựng quy chế dân chủ của công ty không?
lcdq000192,Công đoàn có vai trò cụ thể như thế nào trong việc thực hiện quy chế dân chủ ở công ty?
lcdq000193,Công ty X xây dựng quy chế dân chủ mà không hề tham khảo ý kiến của công đoàn. Điều này có đúng luật không?
lcdq000194,"Quy chế dân chủ trong cơ quan, tổ chức, doanh nghiệp là gì?"
lcdq000195,Điều luật nào khẳng định quyền của công đoàn trong việc xây dựng quy chế dân chủ?
lcdq000196,Công đoàn cơ sở có được tự ý phát động phong trào thi đua trong công ty không?
lcdq000197,Công đoàn cần làm gì để phối hợp tổ chức phong trào thi đua hiệu quả ở doanh nghiệp?
lcdq000198,Công đoàn ngành X tự tổ chức phong trào thi đua và tự quyết định hình thức khen thưởng mà không bàn bạc với doanh nghiệp. Việc này có đúng luật không?
lcdq000199,Thế nào là 'phối hợp tổ chức phong trào thi đua' theo Luật Công đoàn?
lcdq000200,Điều nào của Luật Công đoàn quy định về việc công đoàn tham gia tổ chức phong trào thi đua?
lcdq000201,Một công đoàn cơ sở ở doanh nghiệp có được quyền tự mình đề xuất một dự luật lên Quốc hội không?
lcdq000202,Tổng Liên đoàn Lao động Việt Nam thực hiện quyền trình dự án luật như thế nào?
lcdq000203,"Tổng Liên đoàn Lao động Việt Nam soạn thảo một dự luật về tăng lương tối thiểu vùng, nhưng Quốc hội bác bỏ. Điều này có ảnh hưởng đến quyền trình dự luật của Tổng Liên đoàn trong tương lai không?"
lcdq000204,"Cụm từ 'dự án luật, pháp lệnh' trong điều luật này được hiểu như thế nào?"
lcdq000205,"Điều luật nào quy định về quyền trình dự án luật, pháp lệnh của Tổng Liên đoàn Lao động Việt Nam?"
lcdq000206,Công đoàn cơ sở có được góp ý vào dự thảo luật liên quan đến lương tối thiểu không?
lcdq000207,Công đoàn cấp tỉnh muốn góp ý về chính sách bảo hiểm thất nghiệp thì cần làm những bước nào?
lcdq000208,Một nhóm công nhân cho rằng luật hiện hành chưa bảo vệ tốt quyền lợi của người lao động nữ. Công đoàn có thể làm gì để thay đổi tình hình?
lcdq000209,"Thế nào là 'chính sách, pháp luật có liên quan đến quyền, nghĩa vụ của người lao động' theo điều luật này?"
lcdq000210,Điều 12 Luật Công đoàn quy định quyền gì cho công đoàn các cấp?
lcdq000211,"Nếu một công ty tổ chức cuộc họp bàn về việc thay đổi quy chế lương thưởng, chủ tịch công đoàn công ty đó có được mời tham dự không?"
lcdq000212,Công đoàn cấp tỉnh cần làm gì để thực hiện quyền tham dự cuộc họp của UBND tỉnh khi bàn về vấn đề việc làm của người lao động?
lcdq000213,"Một sở lao động tổ chức hội nghị về an toàn lao động, nhưng không mời đại diện công đoàn ngành tham gia. Việc này có đúng luật không?"
lcdq000214,"Thế nào là 'cơ quan, tổ chức hữu quan cùng cấp' trong ngữ cảnh quyền tham dự cuộc họp của công đoàn?"
lcdq000215,Luật Công đoàn quy định như thế nào về quyền tham gia các cuộc họp của chủ tịch công đoàn?
lcdq000216,Công đoàn có được tự ý tiến hành thanh tra doanh nghiệp khi có nghi ngờ vi phạm quyền lợi của người lao động không?
lcdq000217,Công đoàn có thể làm gì khi phát hiện doanh nghiệp có dấu hiệu trốn đóng bảo hiểm xã hội cho người lao động?
lcdq000218,"Trong một vụ tai nạn lao động nghiêm trọng tại công ty X, công đoàn được mời tham gia điều tra. Đại diện công đoàn có quyền yêu cầu cung cấp hồ sơ liên quan đến an toàn lao động của công ty không?"
lcdq000219,"Thế nào là 'tham gia' thanh tra, kiểm tra, giám sát của công đoàn?"
lcdq000220,"Luật quy định công đoàn có quyền tham gia giám sát những loại chính sách, pháp luật nào liên quan đến người lao động?"
lcdq000221,Công đoàn cơ sở có được quyền yêu cầu công ty cung cấp bảng lương của người lao động để kiểm tra việc trả lương đúng quy định không?
lcdq000222,Công đoàn cần làm gì để thực hiện quyền yêu cầu cung cấp thông tin khi tham gia thanh tra doanh nghiệp?
lcdq000223,"Khi công đoàn yêu cầu cung cấp thông tin về tình hình tai nạn lao động, doanh nghiệp từ chối với lý do bí mật kinh doanh. Việc này có đúng không?"
lcdq000224,Thế nào là 'thông tin liên quan' mà công đoàn có quyền yêu cầu doanh nghiệp cung cấp?
lcdq000225,"Luật quy định cụ thể quyền yêu cầu thông tin của công đoàn trong hoạt động thanh tra, kiểm tra như thế nào?"
lcdq000226,Công đoàn có được quyền yêu cầu doanh nghiệp sửa đổi những quy định nội bộ mà công đoàn cho là không phù hợp sau khi tham gia thanh tra không?
lcdq000227,Công đoàn cần làm gì để thực hiện quyền kiến nghị sau khi phát hiện sai phạm trong quá trình kiểm tra doanh nghiệp?
lcdq000228,"Trong quá trình giám sát, công đoàn phát hiện doanh nghiệp X không trang bị đầy đủ bảo hộ lao động cho công nhân. Công đoàn có quyền yêu cầu doanh nghiệp khắc phục ngay lập tức không?"
lcdq000229,Thế nào là 'biện pháp sửa chữa thiếu sót' mà công đoàn được quyền kiến nghị?
lcdq000230,Luật quy định cụ thể quyền kiến nghị của công đoàn được thể hiện ở đâu?
lcdq000231,"Nếu công đoàn phát hiện máy móc trong nhà máy có nguy cơ gây tai nạn cho công nhân, họ có quyền yêu cầu nhà máy dừng hoạt động máy đó không?"
lcdq000232,Công đoàn cần làm gì để thực hiện quyền yêu cầu tạm ngừng hoạt động khi phát hiện nguy cơ mất an toàn?
lcdq000233,"Trong quá trình kiểm tra, công đoàn phát hiện công ty X không trang bị đầy đủ đồ bảo hộ cho công nhân. Công đoàn yêu cầu công ty trang bị ngay nhưng công ty không thực hiện. Công đoàn có quyền yêu cầu dừng sản xuất không?"
lcdq000234,"Thế nào là 'yếu tố ảnh hưởng hoặc nguy hiểm đến sức khỏe, tính mạng người lao động' theo luật?"
lcdq000235,Điều luật nào cho phép công đoàn yêu cầu doanh nghiệp tạm ngừng hoạt động?
lcdq000236,Công đoàn có được phép tổ chức các buổi nói chuyện về luật lao động cho công nhân không?
lcdq000237,Công đoàn cơ sở cần làm gì để thực hiện việc tuyên truyền pháp luật cho người lao động hiệu quả?
lcdq000238,"Ông A, chủ tịch công đoàn một công ty, chỉ tập trung tuyên truyền về các quy định của công đoàn mình mà bỏ qua các quy định pháp luật khác liên quan đến quyền lợi người lao động. Hành vi này có đúng không?"
lcdq000239,"Hoạt động 'tuyên truyền, vận động, giáo dục' của công đoàn được hiểu như thế nào?"
lcdq000240,Luật Công đoàn quy định như thế nào về trách nhiệm tuyên truyền của công đoàn?
lcdq000241,Công đoàn có được phép tổ chức các lớp học nâng cao tay nghề cho công nhân không?
lcdq000242,"Công đoàn cần làm gì để thực hiện tốt việc tuyên truyền, giáo dục cho người lao động?"
lcdq000243,Một số công nhân thường xuyên vi phạm nội quy công ty. Công đoàn có trách nhiệm gì trong việc này?
lcdq000244,Thế nào là 'nâng cao trình độ chính trị' cho người lao động theo Luật Công đoàn?
lcdq000245,Điều luật nào quy định về trách nhiệm của công đoàn trong việc giáo dục người lao động chấp hành pháp luật?
lcdq000246,Công đoàn có bắt buộc phải tổ chức các buổi nói chuyện về phòng chống tham nhũng cho công nhân không?
lcdq000247,Công đoàn cơ sở cần làm gì để thực hiện việc tuyên truyền phòng chống tham nhũng hiệu quả?
lcdq000248,"Ông A là chủ tịch công đoàn, vì nể nang nên bỏ qua các dấu hiệu lãng phí tại công ty. Như vậy có sai phạm gì không?"
lcdq000249,"Thế nào là 'tuyên truyền, vận động, giáo dục' người lao động theo Luật Công đoàn?"
lcdq000250,Điều luật nào quy định công đoàn có trách nhiệm tuyên truyền về phòng chống tham nhũng?
lcdq000251,Công đoàn có bắt buộc phải mở rộng số lượng đoàn viên không?
lcdq000252,Công đoàn làm thế nào để phát triển đoàn viên mới?
lcdq000253,Một doanh nghiệp gây khó dễ cho công đoàn trong việc tiếp xúc với người lao động để vận động tham gia công đoàn. Công đoàn nên làm gì?
lcdq000254,Thế nào là 'công đoàn cơ sở'?
lcdq000255,Điều luật nào quy định về quyền phát triển tổ chức công đoàn tại doanh nghiệp?
lcdq000256,"Một nhóm công nhân muốn thành lập công đoàn tại công ty, họ có thể yêu cầu công đoàn cấp trên hỗ trợ không?"
lcdq000257,Công đoàn cấp trên hỗ trợ người lao động thành lập công đoàn cơ sở như thế nào?
lcdq000258,"Ông A, là cán bộ công đoàn cấp trên, đến một công ty để vận động thành lập công đoàn nhưng bị giám đốc công ty ngăn cản. Ông A nên làm gì?"
lcdq000259,Thế nào là 'Công đoàn cấp trên trực tiếp cơ sở'?
lcdq000260,Luật quy định quyền và trách nhiệm của công đoàn cấp trên trong việc phát triển đoàn viên như thế nào?
lcdq000261,"Nếu công ty tôi chưa có công đoàn, tôi có thể nhờ công đoàn cấp trên bảo vệ quyền lợi của mình không?"
lcdq000262,"Nếu muốn công đoàn cấp trên bảo vệ quyền lợi khi công ty chưa có công đoàn cơ sở, tôi cần làm gì?"
lcdq000263,"Công ty X chưa có công đoàn. Anh A bị công ty sa thải trái luật. Anh A có thể yêu cầu công đoàn cấp trên can thiệp không? Nếu có, công đoàn sẽ làm gì?"
lcdq000264,Thế nào là 'công đoàn cấp trên trực tiếp cơ sở'?
lcdq000265,Luật quy định quyền và trách nhiệm của công đoàn cấp trên trong trường hợp đơn vị chưa có công đoàn cơ sở như thế nào?
lcdq000266,"Nếu quyền lợi của tôi bị công ty xâm phạm, tôi có thể nhờ công đoàn đứng ra bảo vệ được không?"
lcdq000267,Tôi cần làm gì để yêu cầu công đoàn bảo vệ quyền lợi khi bị xâm phạm?
lcdq000268,"Anh A bị công ty chậm trả lương nhiều tháng. Anh A là đoàn viên công đoàn, nhưng không biết liệu công đoàn có thể giúp anh đòi lại lương không?"
lcdq000269,"Thế nào là 'quyền, lợi ích hợp pháp, chính đáng' mà công đoàn có trách nhiệm bảo vệ?"
lcdq000270,Luật Công đoàn quy định như thế nào về quyền yêu cầu công đoàn bảo vệ?
lcdq000271,"Tôi là đoàn viên công đoàn, tôi có quyền biết về các chính sách mới của công ty ảnh hưởng đến quyền lợi của người lao động không?"
lcdq000272,Làm thế nào để tôi có thể thực hiện quyền thảo luận và đề xuất ý kiến về các vấn đề của công đoàn?
lcdq000273,"Anh A là đoàn viên công đoàn, nhiều lần yêu cầu được xem các văn bản quy định về sử dụng quỹ công đoàn nhưng bị từ chối. Hành vi này có đúng không?"
lcdq000274,Quyền 'biểu quyết công việc của Công đoàn' nghĩa là gì?
lcdq000275,Đoàn viên công đoàn có quyền được biết những thông tin gì theo Luật Công đoàn?
lcdq000276,"Tôi là đoàn viên công đoàn mới, tôi có quyền tham gia bầu ban chấp hành công đoàn không?"
lcdq000277,"Nếu tôi thấy chủ tịch công đoàn có hành vi sai trái, tôi có thể làm gì để bảo vệ quyền lợi của mình và các đoàn viên khác?"
lcdq000278,"Anh A là đoàn viên công đoàn, phát hiện chủ tịch công đoàn chi tiêu sai mục đích quỹ công đoàn. Anh A viết đơn tố cáo nhưng bị chủ tịch công đoàn gây khó dễ trong công việc. Hành vi của chủ tịch công đoàn có vi phạm không?"
lcdq000279,Thế nào là 'cơ quan lãnh đạo công đoàn' được nhắc đến trong luật?
lcdq000280,Luật Công đoàn quy định cụ thể như thế nào về quyền của đoàn viên khi phát hiện cán bộ công đoàn sai phạm?
lcdq000281,"Nếu tôi là đoàn viên công đoàn và bị công ty nợ lương, tôi có được công đoàn hỗ trợ tư vấn pháp luật miễn phí không?"
lcdq000282,"Tôi muốn được công đoàn tư vấn pháp luật miễn phí, tôi cần làm những gì?"
lcdq000283,Anh A là đoàn viên công đoàn. Anh bị tai nạn lao động và muốn khởi kiện công ty để đòi bồi thường. Công đoàn có trách nhiệm hỗ trợ anh A những gì?
lcdq000284,Thế nào là 'trợ giúp pháp lý' mà đoàn viên công đoàn được hưởng?
lcdq000285,Điều luật nào quy định về quyền được tư vấn pháp luật miễn phí của đoàn viên công đoàn?
lcdq000286,"Tôi là đoàn viên công đoàn, nếu tôi bị bệnh nặng thì chắc chắn sẽ được công đoàn hỗ trợ tiền?"
lcdq000287,Nếu tôi muốn được công đoàn hỗ trợ tìm việc làm thì tôi cần làm gì?
lcdq000288,Anh A là đoàn viên công đoàn bị tai nạn lao động mất khả năng làm việc. Công đoàn cơ sở từ chối hỗ trợ vì cho rằng anh A không đóng đoàn phí đầy đủ. Việc này có đúng không?
lcdq000289,Thế nào là 'hoàn cảnh khó khăn' được công đoàn giúp đỡ theo luật?
lcdq000290,Điều luật nào quy định về việc công đoàn có trách nhiệm hướng dẫn đoàn viên học nghề?
lcdq000291,Nếu tôi không đóng đoàn phí đầy đủ thì có được tham gia các hoạt động du lịch do công đoàn tổ chức không?
lcdq000292,Tôi muốn biết làm thế nào để tham gia các hoạt động văn hóa do công đoàn tổ chức?
lcdq000293,Công đoàn tổ chức một giải bóng đá nhưng chỉ cho những người có chức vụ cao trong công ty tham gia. Điều này có đúng không?
lcdq000294,"Hoạt động văn hóa, thể thao, du lịch do công đoàn tổ chức bao gồm những gì?"
lcdq000295,"Luật Công đoàn quy định cụ thể như thế nào về quyền tham gia hoạt động văn hóa, thể thao, du lịch của đoàn viên?"
lcdq000296,"Tôi là đoàn viên công đoàn, tôi có quyền góp ý với công đoàn về việc công ty chậm trả lương cho công nhân không?"
lcdq000297,"Nếu tôi thấy công ty có hành vi vi phạm quyền lợi của người lao động, tôi có thể thực hiện quyền đề xuất này như thế nào?"
lcdq000298,"Anh A là đoàn viên công đoàn, phát hiện công ty không đóng bảo hiểm xã hội cho người lao động đúng quy định. Anh A chỉ báo cho một người bạn làm cùng biết, vậy anh A có thực hiện đúng quyền của mình không?"
lcdq000299,Thế nào là 'kiến nghị' trong bối cảnh quyền của đoàn viên công đoàn?
lcdq000300,Đoàn viên công đoàn có quyền gì liên quan đến việc bảo vệ quyền lợi lao động theo Luật Công đoàn?
lcdq000301,Tôi có bắt buộc phải tham gia đầy đủ các hoạt động do công đoàn tổ chức không?
lcdq000302,Tôi cần làm gì để thực hiện đúng trách nhiệm của một đoàn viên công đoàn?
lcdq000303,Anh A là đoàn viên công đoàn nhưng thường xuyên vắng mặt trong các cuộc họp và hoạt động do công đoàn tổ chức. Hành vi này có vi phạm trách nhiệm của đoàn viên không?
lcdq000304,Thế nào là 'xây dựng tổ chức công đoàn vững mạnh'?
lcdq000305,Điều luật nào quy định về trách nhiệm chấp hành Điều lệ Công đoàn Việt Nam của đoàn viên?
lcdq000306,Đoàn viên công đoàn có bắt buộc phải tham gia các lớp bồi dưỡng do công đoàn tổ chức không?
lcdq000307,Đoàn viên công đoàn cần thực hiện trách nhiệm học tập như thế nào cho đúng?
lcdq000308,Anh A là đoàn viên công đoàn thường xuyên vi phạm giao thông. Công đoàn có biện pháp xử lý gì với anh A không?
lcdq000309,Thế nào là 'rèn luyện phẩm chất giai cấp công nhân'?
lcdq000310,Đoàn viên công đoàn có những nghĩa vụ nào liên quan đến pháp luật?
lcdq000311,Nếu tôi là đoàn viên công đoàn nhưng không tham gia giúp đỡ đồng nghiệp nâng cao tay nghề thì có bị xem là vi phạm trách nhiệm không?
lcdq000312,"Tôi là đoàn viên công đoàn, vậy tôi cần làm gì để thực hiện trách nhiệm bảo vệ quyền lợi hợp pháp của đồng nghiệp?"
lcdq000313,"Anh A là đoàn viên công đoàn, biết đồng nghiệp bị công ty chậm trả lương nhưng không thông báo cho công đoàn và cũng không giúp đỡ đồng nghiệp đòi quyền lợi. Anh A có vi phạm trách nhiệm không?"
lcdq000314,"Thế nào là 'quyền, lợi ích hợp pháp, chính đáng' của người lao động mà đoàn viên công đoàn có trách nhiệm bảo vệ?"
lcdq000315,Luật Công đoàn quy định như thế nào về trách nhiệm của đoàn viên trong việc giúp đỡ đồng nghiệp?
lcdq000316,Doanh nghiệp có thể từ chối hợp tác với công đoàn với lý do không có lợi cho doanh nghiệp không?
lcdq000317,"Để xây dựng quan hệ hợp tác tốt đẹp với công đoàn, doanh nghiệp nên thực hiện những bước nào?"
lcdq000318,Công đoàn của công ty X phản ánh về tình trạng làm thêm giờ quá quy định. Giám đốc công ty X phớt lờ và cho rằng đây là 'chuyện nội bộ'. Hành động này có đúng không?
lcdq000319,"Thế nào là 'quan hệ lao động hài hòa, ổn định và tiến bộ'?"
lcdq000320,Luật Công đoàn quy định như thế nào về mục tiêu của quan hệ giữa công đoàn và các bên liên quan?
lcdq000321,Nhà nước có nghĩa vụ can thiệp vào hoạt động nội bộ của Công đoàn không?
lcdq000322,Nhà nước hỗ trợ Công đoàn bằng những hình thức cụ thể nào?
lcdq000323,"Một doanh nghiệp nhà nước gây khó dễ cho hoạt động của công đoàn cơ sở, không cung cấp thông tin cần thiết. Hành vi này có vi phạm pháp luật không?"
lcdq000324,Thế nào là 'bảo đảm' quyền của Công đoàn theo luật?
lcdq000325,Điều luật nào quy định trách nhiệm chung của Nhà nước đối với hoạt động công đoàn?
lcdq000326,Nhà nước có nghĩa vụ phải đảm bảo người lao động được biết đến các quyền lợi của mình liên quan đến công đoàn không?
lcdq000327,"Nếu phát hiện công ty vi phạm quyền lợi của công đoàn, người lao động có thể báo cho cơ quan nào để được hỗ trợ?"
lcdq000328,Một công ty cố tình cản trở việc thành lập công đoàn và gây khó dễ cho các thành viên công đoàn. Hành vi này có bị xử lý không?
lcdq000329,"Thế nào là 'quyền, lợi ích hợp pháp, chính đáng của người lao động' mà Nhà nước có trách nhiệm bảo đảm?"
lcdq000330,Điều luật nào quy định về trách nhiệm của Nhà nước trong việc xử lý các hành vi vi phạm pháp luật về công đoàn?
lcdq000331,"Khi làm luật về bảo hiểm thất nghiệp, Nhà nước có cần hỏi ý kiến Công đoàn không?"
lcdq000332,Công đoàn sẽ tham gia vào quá trình xây dựng luật như thế nào?
lcdq000333,Một công ty nhà nước ban hành quy chế lương thưởng mới mà không thông qua ý kiến của công đoàn cơ sở. Việc này có đúng quy định không?
lcdq000334,"Thế nào là 'chính sách, pháp luật liên quan trực tiếp đến quyền, nghĩa vụ của người lao động'?"
lcdq000335,Điều luật nào quy định về việc lấy ý kiến Công đoàn khi xây dựng pháp luật liên quan đến người lao động?
lcdq000336,Nhà nước có bắt buộc phải hỏi ý kiến Công đoàn trước khi ban hành chính sách liên quan đến người lao động không?
lcdq000337,Công đoàn có thể làm gì để thực hiện vai trò tham gia quản lý nhà nước?
lcdq000338,"Một doanh nghiệp nhà nước không tạo điều kiện cho Công đoàn cơ sở tham gia vào việc xây dựng thang bảng lương, điều này có vi phạm pháp luật không?"
lcdq000339,Thế nào là 'tham gia quản lý nhà nước' của Công đoàn?
lcdq000340,Điều luật nào quy định trách nhiệm của Nhà nước trong việc bảo vệ quyền lợi của người lao động thông qua Công đoàn?
lcdq000341,Doanh nghiệp có bắt buộc phải làm việc với công đoàn không?
lcdq000342,Doanh nghiệp cần làm gì để phối hợp với công đoàn cho đúng luật?
lcdq000343,Công ty X từ chối cung cấp thông tin về kế hoạch tăng lương cho công đoàn với lý do đây là bí mật kinh doanh. Như vậy có đúng luật không?
lcdq000344,Thế nào là 'phối hợp' với công đoàn theo luật?
lcdq000345,Luật nào quy định về trách nhiệm phối hợp giữa doanh nghiệp và công đoàn?
lcdq000346,Công ty có quyền cấm nhân viên tham gia công đoàn không?
lcdq000347,Doanh nghiệp cần làm gì để tạo điều kiện cho người lao động thành lập công đoàn?
lcdq000348,"Ông A, trưởng phòng nhân sự, bí mật theo dõi và gây khó dễ cho những nhân viên có ý định thành lập công đoàn tại công ty. Hành vi này có vi phạm pháp luật không?"
lcdq000349,Thế nào là 'tạo điều kiện' cho hoạt động công đoàn theo luật?
lcdq000350,Điều luật nào quy định về trách nhiệm của doanh nghiệp đối với công đoàn?
lcdq000351,Công ty có bắt buộc phải làm việc với công đoàn để tạo ra một bản quy tắc chung về cách hai bên phối hợp làm việc không?
lcdq000352,Quy trình xây dựng quy chế phối hợp giữa công ty và công đoàn diễn ra như thế nào?
lcdq000353,Giám đốc công ty X tự ý ban hành quy chế phối hợp với công đoàn mà không có sự tham gia của đại diện công đoàn. Như vậy có đúng luật không?
lcdq000354,Quy chế phối hợp hoạt động giữa công đoàn và doanh nghiệp là gì?
lcdq000355,"Điều luật nào quy định về việc cơ quan, tổ chức, doanh nghiệp phải phối hợp với công đoàn trong xây dựng quy chế?"
lcdq000356,Công ty có thể từ chối cung cấp thông tin về tình hình kinh doanh cho công đoàn cơ sở không?
lcdq000357,Doanh nghiệp cần làm gì để 'tạo điều kiện' cho công đoàn cơ sở hoạt động theo đúng luật?
lcdq000358,"Ông A, giám đốc một công ty, thường xuyên gây khó dễ cho hoạt động của công đoàn, như không cho phép họp trong giờ làm việc, không cung cấp thông tin. Hành vi này có vi phạm pháp luật không?"
lcdq000359,Thế nào là 'tạo điều kiện' cho công đoàn cơ sở hoạt động?
lcdq000360,Điều luật nào quy định về trách nhiệm của doanh nghiệp đối với công đoàn?
lcdq000361,"Nếu công đoàn yêu cầu cung cấp thông tin nội bộ của công ty, công ty có bắt buộc phải cung cấp không?"
lcdq000362,Công đoàn cần làm gì để yêu cầu doanh nghiệp cung cấp thông tin?
lcdq000363,"Công đoàn cơ sở tại công ty X yêu cầu cung cấp thông tin về quỹ lương và thưởng của công ty, nhưng công ty từ chối với lý do bảo mật kinh doanh. Việc từ chối này có đúng luật không?"
lcdq000364,"Thông tin 'liên quan đến tổ chức, hoạt động của cơ quan, tổ chức, doanh nghiệp' mà công đoàn có quyền yêu cầu bao gồm những gì?"
lcdq000365,Luật Công đoàn quy định cụ thể như thế nào về trách nhiệm cung cấp thông tin của doanh nghiệp đối với công đoàn?
lcdq000366,Công ty tôi có bắt buộc phải ngồi lại với công đoàn để bàn về lương thưởng không?
lcdq000367,Quy trình phối hợp với công đoàn để xây dựng quy chế dân chủ ở công ty gồm những bước nào?
lcdq000368,"Công đoàn yêu cầu được tham gia vào việc xây dựng nội quy lao động của công ty, nhưng giám đốc từ chối với lý do đây là quyền của doanh nghiệp. Giám đốc có làm đúng không?"
lcdq000369,Thế nào là 'thỏa ước lao động tập thể'?
lcdq000370,Luật quy định trách nhiệm của doanh nghiệp đối với công đoàn trong vấn đề đối thoại và thương lượng như thế nào?
lcdq000371,"Công ty tôi thay đổi quy chế lương thưởng mà không hỏi ý kiến công đoàn, như vậy có đúng luật không?"
lcdq000372,Doanh nghiệp cần thực hiện những bước nào để lấy ý kiến công đoàn theo đúng quy định?
lcdq000373,"Công ty X sa thải một số lượng lớn nhân viên do tái cơ cấu. Trước khi ra quyết định, công ty có thông báo cho công đoàn nhưng không chờ đợi ý kiến phản hồi mà tiến hành ngay việc sa thải. Hành động này có vi phạm luật không?"
lcdq000374,"Thế nào là 'vấn đề liên quan đến quyền, nghĩa vụ của người lao động' mà doanh nghiệp phải lấy ý kiến công đoàn?"
lcdq000375,Điều luật nào quy định doanh nghiệp phải lấy ý kiến công đoàn trước khi quyết định các vấn đề liên quan đến quyền và nghĩa vụ của người lao động?
lcdq000376,Công ty có thể tự ý quyết định các vấn đề liên quan đến người lao động mà không cần tham khảo ý kiến công đoàn không?
lcdq000377,Công ty cần làm gì khi có tranh chấp lao động để thực hiện đúng trách nhiệm phối hợp với công đoàn?
lcdq000378,Công ty X sa thải một số lượng lớn công nhân mà không thông báo hay bàn bạc với công đoàn. Hành động này có đúng luật không?
lcdq000379,Thế nào là 'phối hợp với công đoàn' trong giải quyết tranh chấp lao động?
lcdq000380,Luật quy định cụ thể trách nhiệm của doanh nghiệp đối với công đoàn trong vấn đề tranh chấp lao động như thế nào?
lcdq000381,Công ty tôi có bắt buộc phải tạo điều kiện cho công đoàn hoạt động không?
lcdq000382,Doanh nghiệp cần làm gì để 'bảo đảm điều kiện hoạt động' cho công đoàn?
lcdq000383,Công ty X không cho phép cán bộ công đoàn tham gia các buổi họp về chính sách nhân sự với lý do 'bí mật kinh doanh'. Điều này có đúng luật không?
lcdq000384,Thế nào là 'kinh phí công đoàn' mà doanh nghiệp phải đóng?
lcdq000385,Luật Công đoàn quy định những trách nhiệm cụ thể nào của doanh nghiệp đối với công đoàn?
lcdq000386,Công đoàn cấp cơ sở có được quyền tự quyết định số lượng cán bộ của mình không?
lcdq000387,Những yếu tố nào được xem xét khi xác định số lượng cán bộ công đoàn?
lcdq000388,"Một công ty có đông công nhân nhưng lãnh đạo công đoàn chỉ có 2 người, khiến việc bảo vệ quyền lợi của công nhân gặp khó khăn. Công đoàn có thể yêu cầu gì?"
lcdq000389,Thế nào là 'bảo đảm về tổ chức' của công đoàn?
lcdq000390,Điều luật nào quy định về việc đảm bảo số lượng cán bộ công đoàn?
lcdq000391,Tổng Liên đoàn Lao động Việt Nam có quyền tự quyết định số lượng cán bộ công đoàn ở các cấp không?
lcdq000392,Tổng Liên đoàn Lao động Việt Nam cần tuân thủ những bước nào khi muốn thay đổi cơ cấu tổ chức?
lcdq000393,Một doanh nghiệp cho rằng cơ cấu tổ chức công đoàn của họ quá cồng kềnh và yêu cầu Tổng Liên đoàn Lao động Việt Nam phải điều chỉnh lại. Yêu cầu này có hợp lý không?
lcdq000394,Thế nào là 'cơ cấu tổ chức bộ máy' của công đoàn?
lcdq000395,Điều luật nào trao quyền cho Tổng Liên đoàn Lao động Việt Nam trong việc xây dựng cơ cấu tổ chức?
lcdq000396,Công ty có bắt buộc phải có cán bộ công đoàn chuyên trách không?
lcdq000397,Những yếu tố nào ảnh hưởng đến quyết định bố trí cán bộ công đoàn chuyên trách?
lcdq000398,"Một công ty có 1000 công nhân nhưng công đoàn hoạt động yếu, không có cán bộ chuyên trách. Công đoàn cấp trên có thể yêu cầu công ty bố trí cán bộ chuyên trách không?"
lcdq000399,Thế nào là 'cán bộ công đoàn chuyên trách'?
lcdq000400,Cơ quan nào có quyền quyết định việc bố trí cán bộ công đoàn chuyên trách?
lcdq000401,Doanh nghiệp có được thu phí sử dụng địa điểm làm việc của công đoàn không?
lcdq000402,Công đoàn có thể yêu cầu doanh nghiệp cung cấp những phương tiện làm việc gì?
lcdq000403,Công ty X chỉ bố trí cho công đoàn một góc nhỏ trong nhà ăn để làm việc. Như vậy có đúng luật không?
lcdq000404,Thế nào là 'điều kiện làm việc cần thiết' cho công đoàn?
lcdq000405,Luật nào quy định về trách nhiệm của doanh nghiệp trong việc tạo điều kiện cho công đoàn hoạt động?
lcdq000406,Tôi là ủy viên ban chấp hành công đoàn và muốn biết tôi có được nghỉ làm để làm việc công đoàn mà vẫn được trả lương không?
lcdq000407,Công ty tôi có chủ tịch công đoàn cơ sở. Vậy chủ tịch công đoàn cơ sở được sử dụng thời gian như thế nào để làm công tác công đoàn mà vẫn được trả lương?
lcdq000408,Ông A là chủ tịch công đoàn cơ sở của một công ty lớn. Ông A yêu cầu được sử dụng 40 giờ làm việc mỗi tháng để làm công tác công đoàn và yêu cầu công ty trả lương đầy đủ cho thời gian này. Yêu cầu của ông A có hợp lý không?
lcdq000409,Thế nào là cán bộ công đoàn không chuyên trách?
lcdq000410,Luật quy định cụ thể số giờ làm việc mà ủy viên ban chấp hành công đoàn được sử dụng để làm công tác công đoàn là bao nhiêu?
lcdq000411,"Anh A là cán bộ công đoàn không chuyên trách. Công ty trừ lương của anh khi anh tham gia tập huấn do công đoàn cấp trên tổ chức, điều này có đúng không?"
lcdq000412,"Nếu tôi là cán bộ công đoàn không chuyên trách và được mời đi tập huấn, tôi cần làm gì để đảm bảo quyền lợi về lương và chi phí đi lại?"
lcdq000413,"Ông B là chủ tịch công đoàn cơ sở (không chuyên trách) của một công ty. Khi ông tham gia hội nghị công đoàn toàn quốc, công ty chỉ trả lương những ngày diễn ra hội nghị, còn chi phí đi lại và ăn ở thì không hỗ trợ. Như vậy có đúng luật không?"
lcdq000414,Thế nào là 'cán bộ công đoàn không chuyên trách'?
lcdq000415,"Luật quy định như thế nào về việc chi trả chi phí đi lại, ăn ở cho cán bộ công đoàn không chuyên trách khi đi tập huấn?"
lcdq000416,"Tôi là cán bộ công đoàn của công ty, nhưng chỉ làm bán thời gian, vậy tôi có được nhận thêm tiền phụ cấp không?"
lcdq000417,Làm thế nào để biết mức phụ cấp trách nhiệm cán bộ công đoàn của mình là bao nhiêu?
lcdq000418,Anh A là nhân viên văn phòng kiêm nhiệm chức vụ thủ quỹ công đoàn. Công ty từ chối trả phụ cấp trách nhiệm với lý do 'đã trả lương cho công việc văn phòng'. Điều này có đúng không?
lcdq000419,Thế nào là cán bộ công đoàn 'không chuyên trách'?
lcdq000420,Cơ quan nào có thẩm quyền quy định cụ thể về mức phụ cấp trách nhiệm cho cán bộ công đoàn không chuyên trách?
lcdq000421,"Nếu tôi là cán bộ công đoàn chuyên trách, công ty có được đối xử với tôi khác biệt so với các nhân viên khác không?"
lcdq000422,Những quyền lợi và phúc lợi nào mà công ty phải đảm bảo cho cán bộ công đoàn chuyên trách?
lcdq000423,Ông A là cán bộ công đoàn chuyên trách. Công ty cắt tiền thưởng cuối năm của ông A với lý do ông không trực tiếp tạo ra doanh thu. Việc này có đúng không?
lcdq000424,Thế nào là 'cán bộ công đoàn chuyên trách'?
lcdq000425,Luật quy định như thế nào về việc đảm bảo quyền lợi cho cán bộ công đoàn chuyên trách?
lcdq000426,Nếu hợp đồng lao động của tôi hết hạn khi tôi đang là ủy viên ban chấp hành công đoàn thì tôi có được tiếp tục làm việc không?
lcdq000427,"Tôi là cán bộ công đoàn sắp hết nhiệm kỳ, hợp đồng lao động cũng sắp hết hạn. Tôi cần làm gì để được gia hạn hợp đồng theo luật?"
lcdq000428,"Anh A là chủ tịch công đoàn cơ sở. Khi hợp đồng lao động của anh hết hạn, công ty không gia hạn với lý do 'tái cơ cấu'. Việc này có đúng luật không?"
lcdq000429,Thế nào là 'cán bộ công đoàn không chuyên trách'?
lcdq000430,Điều luật nào quy định về việc gia hạn hợp đồng cho cán bộ công đoàn không chuyên trách?
lcdq000431,Công ty có thể đuổi việc một thành viên ban chấp hành công đoàn cơ sở nếu người này vi phạm kỷ luật lao động không?
lcdq000432,Nếu công ty muốn chuyển công tác một cán bộ công đoàn không chuyên trách thì cần làm gì?
lcdq000433,Ông A là cán bộ công đoàn không chuyên trách. Công ty X muốn sa thải ông vì lý do tái cơ cấu. Công đoàn không đồng ý. Vậy công ty X có quyền sa thải ông A không?
lcdq000434,Thế nào là 'cán bộ công đoàn không chuyên trách'?
lcdq000435,Luật quy định thời gian bao lâu sau khi báo cáo cơ quan có thẩm quyền thì công ty được ra quyết định cuối cùng về việc chấm dứt hợp đồng với cán bộ công đoàn?
lcdq000436,"Nếu công ty cho cán bộ công đoàn thôi việc không đúng luật, công đoàn có quyền can thiệp không?"
lcdq000437,"Nếu tôi là cán bộ công đoàn bị đuổi việc vô lý, công đoàn sẽ giúp tôi những gì?"
lcdq000438,Anh A là chủ tịch công đoàn cơ sở bị công ty sa thải vì 'không hoàn thành nhiệm vụ'. Công đoàn cấp trên chỉ gửi công văn phản đối mà không có hành động pháp lý nào. Như vậy có đúng không?
lcdq000439,Thế nào là 'cán bộ công đoàn không chuyên trách'?
lcdq000440,Luật quy định cụ thể công đoàn phải làm gì khi cán bộ công đoàn bị chấm dứt hợp đồng trái luật?
lcdq000441,Công ty tôi có bắt buộc phải đóng góp tài chính cho công đoàn không?
lcdq000442,Công đoàn có những nguồn thu nào để duy trì hoạt động?
lcdq000443,Một công ty cổ phần từ chối đóng kinh phí công đoàn với lý do công đoàn hoạt động không hiệu quả. Hành động này có đúng luật không?
lcdq000444,Kinh phí công đoàn khác gì so với đoàn phí công đoàn?
lcdq000445,Luật Công đoàn quy định những nguồn nào tạo nên tài chính công đoàn?
lcdq000446,Việc đóng đoàn phí công đoàn là bắt buộc đối với tất cả người lao động phải không?
lcdq000447,Đoàn phí công đoàn được sử dụng cho những mục đích gì?
lcdq000448,Anh A là nhân viên công ty X. Mặc dù không muốn nhưng anh vẫn phải đóng đoàn phí vì trưởng bộ phận nói 'tất cả mọi người trong bộ phận đều phải đóng'. Việc này có đúng không?
lcdq000449,Đoàn phí công đoàn là gì?
lcdq000450,Điều lệ Công đoàn Việt Nam quy định cụ thể về mức đóng đoàn phí như thế nào?
lcdq000451,Công ty tôi có phải đóng tiền cho công đoàn không?
lcdq000452,Số tiền công ty phải đóng cho công đoàn được tính như thế nào?
lcdq000453,Một doanh nghiệp cố tình báo cáo sai quỹ lương đóng bảo hiểm xã hội để trốn tránh nghĩa vụ đóng kinh phí công đoàn. Hành vi này có bị xử phạt không?
lcdq000454,Thế nào là 'quỹ tiền lương làm căn cứ đóng bảo hiểm xã hội'?
lcdq000455,Luật quy định mức đóng kinh phí công đoàn là bao nhiêu?
lcdq000456,Công đoàn có được nhận tiền từ ngân sách nhà nước không?
lcdq000457,Làm thế nào để công đoàn cơ sở có thể tiếp cận nguồn hỗ trợ tài chính từ ngân sách nhà nước?
lcdq000458,Một công đoàn ngành sử dụng tiền ngân sách hỗ trợ để xây dựng trụ sở làm việc riêng. Việc này có đúng quy định không?
lcdq000459,Ngân sách nhà nước cấp hỗ trợ cho công đoàn được hiểu là gì?
lcdq000460,Điều nào trong Luật Công đoàn đề cập đến việc ngân sách nhà nước cấp hỗ trợ cho công đoàn?
lcdq000461,Công đoàn có được phép tổ chức các hoạt động kinh doanh để tạo thêm nguồn thu không?
lcdq000462,"Công đoàn sử dụng nguồn thu từ các hoạt động văn hóa, thể thao như thế nào?"
lcdq000463,"Một doanh nghiệp nước ngoài muốn tài trợ cho công đoàn cơ sở của công ty, công đoàn có được nhận khoản tài trợ này không?"
lcdq000464,Thế nào là 'hoạt động kinh tế của công đoàn' được đề cập trong luật?
lcdq000465,Luật Công đoàn quy định những nguồn thu nào được coi là 'khác' của công đoàn?
lcdq000466,Công đoàn cơ sở có được tự quyết định hoàn toàn việc chi tiêu tiền quỹ công đoàn không?
lcdq000467,Làm thế nào để biết công đoàn sử dụng tiền của mình đóng góp có đúng mục đích không?
lcdq000468,"Ông A là chủ tịch công đoàn cơ sở tự ý dùng quỹ công đoàn để chiêu đãi khách hàng của công ty, việc này có đúng luật không?"
lcdq000469,Vậy 'tài chính công đoàn' bao gồm những nguồn nào?
lcdq000470,Luật nào quy định về việc công đoàn phải tuân thủ các quy định của Tổng Liên đoàn Lao động Việt Nam?
lcdq000471,Công đoàn có được dùng tiền để tổ chức các lớp học nâng cao tay nghề cho người lao động không?
lcdq000472,Công đoàn cơ sở có thể sử dụng quỹ công đoàn cho những hoạt động nào liên quan đến phổ biến pháp luật?
lcdq000473,"Một công ty yêu cầu công đoàn dùng tiền công đoàn để xây dựng nhà ăn cho công nhân, nếu không sẽ gây khó dễ cho hoạt động công đoàn. Việc này có đúng không?"
lcdq000474,"Vậy 'hoạt động thực hiện quyền, trách nhiệm của Công đoàn' được hiểu là gì?"
lcdq000475,Điều luật nào quy định về việc sử dụng tài chính công đoàn cho việc tuyên truyền pháp luật?
lcdq000476,Công đoàn có được dùng tiền để tổ chức các hoạt động vui chơi giải trí cho đoàn viên không?
lcdq000477,Công đoàn sử dụng tiền để bảo vệ quyền lợi người lao động như thế nào?
lcdq000478,"Ông A, chủ tịch công đoàn cơ sở, dùng tiền công đoàn để mua quà biếu cho lãnh đạo doanh nghiệp nhằm tạo mối quan hệ tốt đẹp. Hành vi này có đúng không?"
lcdq000479,"Thế nào là 'quyền, lợi ích hợp pháp, chính đáng của người lao động' mà công đoàn có trách nhiệm bảo vệ?"
lcdq000480,Luật Công đoàn quy định tài chính công đoàn được sử dụng cho những mục đích gì?
lcdq000481,Công đoàn có được dùng tiền để xây dựng văn phòng làm việc không?
lcdq000482,"Công đoàn sử dụng tiền để phát triển đoàn viên, thành lập công đoàn cơ sở thì cần tuân theo những quy định nào?"
lcdq000483,Một công đoàn cơ sở dùng tiền quỹ để tổ chức du lịch cho ban chấp hành công đoàn. Việc này có đúng không?
lcdq000484,Thế nào là 'xây dựng công đoàn vững mạnh'?
lcdq000485,Luật Công đoàn quy định tài chính công đoàn được sử dụng cho những nhiệm vụ nào?
lcdq000486,Công đoàn có được dùng tiền để tổ chức các cuộc thi đua trong công ty không?
lcdq000487,Công đoàn sử dụng tiền vào việc tổ chức phong trào thi đua như thế nào?
lcdq000488,Công đoàn cơ sở A sử dụng quỹ công đoàn để mua quà tặng cho người thân của chủ tịch công đoàn nhân dịp lễ tết. Việc này có đúng luật không?
lcdq000489,Thế nào là 'phong trào thi đua do Công đoàn phát động'?
lcdq000490,Luật quy định tài chính công đoàn được dùng cho những việc gì?
lcdq000491,Công đoàn có được dùng tiền để tổ chức các lớp học nâng cao tay nghề cho người lao động không?
lcdq000492,"Nếu muốn công đoàn hỗ trợ kinh phí cho một khóa học kỹ năng mềm, tôi cần chuẩn bị những gì?"
lcdq000493,Một cán bộ công đoàn sử dụng quỹ công đoàn để tham gia một khóa học MBA. Việc này có đúng quy định không?
lcdq000494,Thế nào là 'người lao động ưu tú' trong ngữ cảnh sử dụng tài chính công đoàn để đào tạo?
lcdq000495,Điều luật nào cho phép công đoàn dùng tiền để bồi dưỡng người lao động trở thành cán bộ?
lcdq000496,Công đoàn cơ sở có được dùng tiền công đoàn để tổ chức cho công nhân đi xem phim không?
lcdq000497,Công đoàn sử dụng quỹ để tổ chức hoạt động vui chơi cho người lao động cần tuân thủ các nguyên tắc nào?
lcdq000498,Công ty X nộp kinh phí công đoàn đầy đủ nhưng công đoàn công ty chỉ dùng tiền để chi cho các hoạt động hành chính của công đoàn. Như vậy có đúng không?
lcdq000499,"Hoạt động 'văn hóa, thể thao, du lịch' được hiểu như thế nào trong phạm vi sử dụng tài chính công đoàn?"
lcdq000500,Luật quy định như thế nào về mục đích sử dụng tài chính công đoàn?
lcdq000501,Công đoàn có được dùng tiền của mình để tổ chức các buổi nói chuyện về quyền của phụ nữ không?
lcdq000502,Công đoàn cơ sở có thể sử dụng quỹ công đoàn cho những hoạt động nào liên quan đến bình đẳng giới?
lcdq000503,Công ty X có nhiều lao động nữ. Công đoàn công ty dùng quỹ để mua sắm thiết bị thể thao riêng cho nữ giới. Việc này có hợp lý không?
lcdq000504,Thế nào là 'hoạt động về giới và bình đẳng giới' mà công đoàn được phép sử dụng tài chính?
lcdq000505,Điều luật nào cho phép công đoàn dùng tiền để làm các hoạt động về giới?
lcdq000506,Công đoàn có được phép dùng tiền để tổ chức khám sức khỏe định kỳ cho công nhân không?
lcdq000507,"Nếu tôi là đoàn viên công đoàn, tôi cần làm gì để được nhận trợ cấp khi bị ốm nằm viện?"
lcdq000508,"Một công ty gặp hỏa hoạn, nhiều công nhân bị mất nhà cửa. Công đoàn công ty có được dùng quỹ để hỗ trợ xây nhà mới cho họ không?"
lcdq000509,Thế nào là 'hoạt động chăm lo khác' cho người lao động mà công đoàn được sử dụng tài chính?
lcdq000510,Luật quy định cụ thể những trường hợp nào thì công đoàn được sử dụng tài chính để trợ cấp cho đoàn viên?
lcdq000511,Công đoàn cơ sở có được dùng tiền công đoàn để tặng quà cho các cháu thiếu nhi là con của công nhân vào ngày 1/6 không?
lcdq000512,"Nếu công đoàn muốn tổ chức khen thưởng cho con của người lao động đạt thành tích tốt trong năm học, cần thực hiện những bước nào?"
lcdq000513,"Một công nhân cho rằng công đoàn chỉ nên dùng tiền để hỗ trợ trực tiếp cho công nhân khó khăn, không nên khen thưởng con cái họ. Ý kiến này có phù hợp với quy định của pháp luật không?"
lcdq000514,"Thế nào là 'thành tích trong học tập, công tác' được đề cập trong điều luật?"
lcdq000515,Điều luật nào của Luật Công đoàn quy định về việc sử dụng tài chính công đoàn cho việc khen thưởng?
lcdq000516,Tiền của công đoàn có được dùng để trả lương cho những người làm việc toàn thời gian cho công đoàn không?
lcdq000517,Những khoản chi nào được ưu tiên khi sử dụng tiền của công đoàn?
lcdq000518,Một công ty sử dụng tiền công đoàn để tổ chức du lịch cho nhân viên thay vì trả phụ cấp cho cán bộ công đoàn không chuyên trách. Điều này có đúng luật không?
lcdq000519,Thế nào là cán bộ công đoàn không chuyên trách?
lcdq000520,Điều luật nào quy định về việc sử dụng tài chính công đoàn để trả lương cho cán bộ?
lcdq000521,Tiền của công đoàn có được dùng để xây nhà cho cán bộ công đoàn không?
lcdq000522,Tiền công đoàn được dùng cho những việc cụ thể nào?
lcdq000523,Công đoàn cơ sở của công ty X dùng tiền công đoàn để mua quà biếu cho lãnh đạo công ty nhân dịp lễ tết. Việc này có đúng không?
lcdq000524,Thế nào là 'hoạt động của bộ máy công đoàn các cấp'?
lcdq000525,Luật quy định tài chính công đoàn được sử dụng cho mục đích gì?
lcdq000526,Tiền công đoàn có được dùng để xây dựng khu vui chơi cho con em công nhân không?
lcdq000527,Làm thế nào để đảm bảo việc sử dụng tài chính công đoàn minh bạch và đúng mục đích?
lcdq000528,"Ông A, chủ tịch công đoàn cơ sở, dùng tiền công đoàn để mua quà biếu cho lãnh đạo doanh nghiệp. Hành vi này có đúng không?"
lcdq000529,"Vậy 'hoạt động thực hiện quyền, trách nhiệm của công đoàn' được hiểu như thế nào?"
lcdq000530,Điều luật nào của Luật Công đoàn quy định về mục đích sử dụng tài chính công đoàn?
lcdq000531,Tiền do đoàn viên công đoàn đóng góp có phải là tài sản riêng của công đoàn không?
lcdq000532,Những nguồn nào có thể tạo ra tài sản cho công đoàn?
lcdq000533,Một doanh nghiệp tặng cho công đoàn cơ sở một chiếc xe ô tô để phục vụ hoạt động. Chiếc xe này thuộc sở hữu của ai?
lcdq000534,Thế nào là 'vốn của Công đoàn'?
lcdq000535,Luật Công đoàn quy định những loại tài sản nào thuộc sở hữu của công đoàn?
lcdq000536,Công đoàn cấp cơ sở có được tự quyết định việc mua bán tài sản của công đoàn không?
lcdq000537,Tổng Liên đoàn Lao động Việt Nam thực hiện việc quản lý tài sản công đoàn như thế nào?
lcdq000538,"Ông A, Chủ tịch công đoàn một công ty, tự ý bán một chiếc xe ô tô của công đoàn để lấy tiền chi tiêu cá nhân. Hành vi này có vi phạm pháp luật không?"
lcdq000539,Thế nào là 'tài sản công đoàn'?
lcdq000540,Điều luật nào quy định về chủ thể có quyền sở hữu tài sản công đoàn?
lcdq000541,Công đoàn cấp trên có quyền xem xét sổ sách kế toán của công đoàn cơ sở không?
lcdq000542,Quy trình kiểm tra tài chính công đoàn cơ sở thường diễn ra như thế nào?
lcdq000543,"Ông A, thủ quỹ công đoàn cơ sở, sử dụng quỹ công đoàn sai mục đích. Công đoàn cấp trên phát hiện ra sai phạm này khi kiểm tra. Vậy, ông A sẽ bị xử lý như thế nào?"
lcdq000544,“Giám sát tài chính công đoàn” được hiểu là gì?
lcdq000545,Luật Công đoàn quy định như thế nào về trách nhiệm hướng dẫn công tác tài chính công đoàn?
lcdq000546,Công đoàn có được tự do hoàn toàn trong việc sử dụng tiền của mình không?
lcdq000547,Ai là người có quyền kiểm tra việc sử dụng tiền của công đoàn?
lcdq000548,Một thành viên công đoàn phát hiện nghi vấn chi tiêu sai mục đích tại công đoàn cơ sở. Người này nên làm gì?
lcdq000549,Thế nào là 'tài chính công đoàn'?
lcdq000550,Luật Công đoàn quy định như thế nào về việc kiểm tra tài chính công đoàn?
lcdq000551,Có phải chỉ có công đoàn mới được quyền kiểm tra việc sử dụng tiền của công đoàn không?
lcdq000552,Cơ quan nào sẽ tiến hành kiểm tra tài chính của công đoàn và họ sẽ kiểm tra những gì?
lcdq000553,"Một cán bộ công đoàn cơ sở sử dụng quỹ công đoàn sai mục đích, bị tố cáo. Cơ quan nào có quyền vào cuộc điều tra?"
lcdq000554,Thế nào là 'tài chính công đoàn'?
lcdq000555,Luật nào quy định về việc cơ quan nhà nước có thẩm quyền giám sát tài chính công đoàn?
lcdq000556,"Nếu công ty không cho phép thành lập công đoàn, tôi có thể khiếu nại ở đâu?"
lcdq000557,"Khi có tranh chấp về quyền lợi của công đoàn với công ty, chúng tôi cần làm gì?"
lcdq000558,"Ông A, chủ tịch công đoàn cơ sở, bị công ty sa thải vì lý do 'không hoàn thành nhiệm vụ'. Ông A cho rằng đây là hành vi cản trở hoạt động công đoàn. Hành động này có vi phạm không?"
lcdq000559,Thế nào là 'tranh chấp về quyền công đoàn'?
lcdq000560,Luật Công đoàn quy định như thế nào về thẩm quyền giải quyết tranh chấp?
lcdq000561,"Nếu công ty không cho phép công đoàn cơ sở tiếp cận thông tin về tình hình tài chính của công ty, công đoàn có thể khởi kiện không?"
lcdq000562,"Nếu công đoàn và công ty có tranh chấp về việc sử dụng quỹ công đoàn, các bước giải quyết sẽ như thế nào?"
lcdq000563,"Ông A, chủ tịch công đoàn cơ sở, cho rằng công ty đã can thiệp vào hoạt động của công đoàn bằng cách ép buộc công đoàn phải chi tiền cho một sự kiện do công ty tổ chức. Ông A nên làm gì?"
lcdq000564,Thế nào là 'tranh chấp về quyền công đoàn'?
lcdq000565,Luật Công đoàn quy định như thế nào về thẩm quyền giải quyết tranh chấp liên quan đến quyền của công đoàn trong quan hệ lao động?
lcdq000566,"Nếu công đoàn và doanh nghiệp xảy ra tranh chấp về việc sử dụng quỹ công đoàn, việc giải quyết sẽ theo Luật Công đoàn?"
lcdq000567,"Khi có tranh chấp về quyền của công đoàn trong một lĩnh vực cụ thể, ví dụ như an toàn lao động, thì quy trình giải quyết sẽ như thế nào?"
lcdq000568,Công đoàn cơ sở của một công ty dệt may cho rằng doanh nghiệp đã không thực hiện đúng cam kết về việc đảm bảo các điều kiện làm việc an toàn cho người lao động. Công đoàn muốn khởi kiện doanh nghiệp. Vậy công đoàn cần tuân thủ những quy định pháp luật nào?
lcdq000569,Thế nào là 'tranh chấp về quyền công đoàn'?
lcdq000570,Điều 30 Luật Công đoàn quy định như thế nào về việc giải quyết tranh chấp liên quan đến quyền của công đoàn?
lcdq000571,"Nếu công ty không trả kinh phí công đoàn đầy đủ, công đoàn có quyền kiện công ty không?"
lcdq000572,Công đoàn cần làm gì khi quyền lợi bị công ty xâm phạm?
lcdq000573,"Ông A, chủ một doanh nghiệp, thường xuyên cản trở hoạt động của công đoàn cơ sở trong công ty. Công đoàn có thể làm gì để bảo vệ quyền lợi?"
lcdq000574,Thế nào là 'tranh chấp về quyền công đoàn'?
lcdq000575,Luật Công đoàn quy định như thế nào về quyền của công đoàn khi phát sinh tranh chấp với người sử dụng lao động?
lcdq000576,Nếu công ty cản trở hoạt động hợp pháp của công đoàn thì có bị xử lý gì không?
lcdq000577,"Nếu phát hiện doanh nghiệp có hành vi cản trở quyền lợi của công đoàn, tôi nên làm gì để bảo vệ quyền lợi?"
lcdq000578,"Ông A, giám đốc một công ty, thường xuyên gây khó dễ cho hoạt động của công đoàn, thậm chí còn đe dọa các thành viên công đoàn. Hành vi này có bị xử lý hình sự không?"
lcdq000579,Thế nào là 'quyền công đoàn' theo luật?
lcdq000580,Luật Công đoàn quy định như thế nào về việc xử lý các cá nhân vi phạm quyền công đoàn?
lcdq000581,Nếu công ty không cho người lao động tham gia công đoàn thì có bị phạt không?
lcdq000582,Tôi muốn biết những hành vi nào liên quan đến công đoàn bị xử phạt hành chính?
lcdq000583,"Ông A, giám đốc một công ty, từ chối trích kinh phí công đoàn đầy đủ và đúng hạn. Hành vi này có bị xử phạt không?"
lcdq000584,Thế nào là 'vi phạm pháp luật về công đoàn' theo điều luật này?
lcdq000585,Điều 31 Luật Công đoàn quy định như thế nào về việc xử lý vi phạm?
lcdq000586,Luật Công đoàn đã bắt đầu có hiệu lực từ năm 2012 phải không?
lcdq000587,Làm sao để biết một điều luật nào đó còn hiệu lực hay không?
lcdq000588,"Một vụ việc xảy ra vào tháng 12 năm 2012 liên quan đến quyền của công đoàn, vậy có thể áp dụng Luật Công đoàn để giải quyết không?"
lcdq000589,Thế nào là 'hiệu lực thi hành' của một văn bản luật?
lcdq000590,Luật Công đoàn quy định về thời điểm có hiệu lực như thế nào?
lcdq000591,Các quy định về công đoàn trong luật cũ (năm 1990) còn giá trị áp dụng không?
lcdq000592,Làm sao để biết các quy định hiện hành về công đoàn?
lcdq000593,Công ty X vẫn áp dụng quy định về tài chính công đoàn từ một văn bản ban hành năm 1995. Điều này có đúng luật không?
lcdq000594,“Hiệu lực thi hành” của một văn bản luật có nghĩa là gì?
lcdq000595,Điều khoản nào khẳng định Luật Công đoàn năm 1990 không còn hiệu lực?
lcdq000596,Nếu có điều khoản nào trong Luật Công đoàn cần làm rõ hơn thì Chính phủ có trách nhiệm giải thích không?
lcdq000597,"Nếu tôi muốn tìm hiểu cụ thể về một vấn đề nào đó liên quan đến quyền lợi của công đoàn viên, tôi nên tìm ở đâu?"
lcdq000598,Công đoàn cơ sở của công ty X thắc mắc về cách sử dụng nguồn quỹ công đoàn. Họ nên tìm văn bản nào để giải đáp thắc mắc?
lcdq000599,Thế nào là 'quy định chi tiết và hướng dẫn thi hành' một điều luật?
lcdq000600,Điều khoản nào trong Luật Công đoàn giao trách nhiệm hướng dẫn thi hành cho Chính phủ?
lcdq000601,Luật Công đoàn hiện hành được thông qua bởi Chính phủ phải không?
lcdq000602,Làm sao để biết một điều luật cụ thể có còn hiệu lực hay không?
lcdq000603,Một công nhân tìm thấy một bản Luật Công đoàn không ghi rõ ngày tháng thông qua. Liệu bản in này có đáng tin cậy không?
lcdq000604,Thế nào là 'điều khoản thi hành' trong một văn bản luật?
lcdq000605,Luật Công đoàn được Quốc hội khóa mấy thông qua?
