corpus_id,content
lcdc000001,"Điều 1 Công đoàn
Công đoàn là tổ chức chính trị - xã hội rộng lớn của giai cấp công nhân và của người lao động, được thành lập trên cơ sở tự nguyện, là thành viên trong hệ thống chính trị của xã hội Việt Nam, dưới sự lãnh đạo của Đảng Cộng sản Việt Nam; đại diện cho cán bộ, công chức, viên chức, công nhân và những người lao động khác (sau đây gọi chung là người lao động), cùng với cơ quan nhà nước, tổ chức kinh tế, tổ chức xã hội chăm lo và bảo vệ quyền, lợi ích hợp pháp, chính đáng của người lao động; tham gia quản lý nhà nước, quản lý kinh tế - xã hội, tham gia thanh tra, kiểm tra, giám sát hoạt động của cơ quan nhà nước, tổ chức, đơn vị, doanh nghiệp; tuyên truyền, vận động người lao động học tập nâng cao trình độ, kỹ năng nghề nghiệp, chấp hành pháp luật, xây dựng và bảo vệ Tổ quốc Việt Nam xã hội chủ nghĩa."
lcdc000002,Định nghĩa và vai trò của Công đoàn trong hệ thống chính trị - xã hội Việt Nam.
lcdc000003,"Điều 2 Phạm vi điều chỉnh
Luật này quy định về quyền thành lập, gia nhập và hoạt động công đoàn của người lao động; chức năng, quyền, trách nhiệm của Công đoàn; quyền, trách nhiệm của đoàn viên công đoàn; trách nhiệm của Nhà nước, cơ quan nhà nước, tổ chức, đơn vị, doanh nghiệp sử dụng lao động đối với Công đoàn; bảo đảm hoạt động của Công đoàn; giải quyết tranh chấp và xử lý vi phạm pháp luật về công đoàn."
lcdc000004,"Luật Công đoàn quy định về quyền, nghĩa vụ, trách nhiệm liên quan đến việc thành lập, hoạt động công đoàn và bảo đảm hoạt động công đoàn."
lcdc000005,"Điều 3 Đối tượng áp dụng
Luật này áp dụng đối với công đoàn các cấp, cơ quan nhà nước, tổ chức chính trị, tổ chức chính trị - xã hội, tổ chức chính trị xã hội - nghề nghiệp, tổ chức xã hội - nghề nghiệp, đơn vị, doanh nghiệp, tổ chức khác có sử dụng lao động theo quy định của pháp luật về lao động, cơ quan, tổ chức nước ngoài, tổ chức quốc tế hoạt động trên lãnh thổ Việt Nam có liên quan đến tổ chức và hoạt động công đoàn (sau đây gọi chung là cơ quan, tổ chức, doanh nghiệp), đoàn viên công đoàn và người lao động."
lcdc000006,Xác định phạm vi đối tượng chịu sự điều chỉnh của Luật Công đoàn.
lcdc000007,"Điều 4 Giải thích từ ngữ
Trong Luật này, các từ ngữ dưới đây được hiểu như sau:"
lcdc000008,Giải thích các thuật ngữ pháp lý quan trọng trong Luật Công đoàn.
lcdc000009,"Điều 4 Giải thích từ ngữ
Trong Luật này, các từ ngữ dưới đây được hiểu như sau:
Quyền công đoàn là quyền thành lập, gia nhập và hoạt động công đoàn của người lao động, đoàn viên công đoàn và quyền của tổ chức công đoàn theo quy định của pháp luật và quy định của cơ quan có thẩm quyền.
Công đoàn cơ sở là tổ chức cơ sở của Công đoàn, tập hợp đoàn viên công đoàn trong một hoặc một số cơ quan, tổ chức, doanh nghiệp, được công đoàn cấp trên trực tiếp cơ sở công nhận theo quy định của pháp luật và Điều lệ Công đoàn Việt Nam.
Công đoàn cấp trên trực tiếp cơ sở là một cấp trong hệ thống tổ chức công đoàn, trực tiếp thực hiện quyền công nhận công đoàn cơ sở, chỉ đạo hoạt động công đoàn cơ sở và liên kết công đoàn cơ sở theo quy định của pháp luật và Điều lệ Công đoàn Việt Nam.
Cán bộ công đoàn chuyên trách là người được tuyển dụng, bổ nhiệm để đảm nhiệm công việc thường xuyên trong tổ chức công đoàn.
Cán bộ công đoàn không chuyên trách là người làm việc kiêm nhiệm được Đại hội công đoàn, Hội nghị công đoàn các cấp bầu ra hoặc được Ban chấp hành công đoàn chỉ định, bổ nhiệm vào chức danh từ Tổ phó tổ công đoàn trở lên.
Đơn vị sử dụng lao động là cơ quan, tổ chức, doanh nghiệp có tuyển dụng, sử dụng lao động và trả lương theo quy định của pháp luật.
Tranh chấp về quyền công đoàn là tranh chấp phát sinh giữa người lao động, đoàn viên công đoàn, tổ chức công đoàn với đơn vị sử dụng lao động về việc thực hiện quyền công đoàn.
Điều lệ Công đoàn Việt Nam là văn bản do Đại hội Công đoàn Việt Nam thông qua, quy định về tôn chỉ, mục đích, nguyên tắc tổ chức, hoạt động, cơ cấu tổ chức bộ máy của Công đoàn; quyền, trách nhiệm của tổ chức công đoàn các cấp; quyền, trách nhiệm của đoàn viên công đoàn."
lcdc000010,"Điều 4 Giải thích từ ngữ
Quyền công đoàn là quyền thành lập, gia nhập và hoạt động công đoàn của người lao động, đoàn viên công đoàn và quyền của tổ chức công đoàn theo quy định của pháp luật và quy định của cơ quan có thẩm quyền."
lcdc000011,"Định nghĩa 'Quyền công đoàn' bao gồm quyền của người lao động, đoàn viên và tổ chức công đoàn."
lcdc000012,"Điều 4 Giải thích từ ngữ
Công đoàn cơ sở là tổ chức cơ sở của Công đoàn, tập hợp đoàn viên công đoàn trong một hoặc một số cơ quan, tổ chức, doanh nghiệp, được công đoàn cấp trên trực tiếp cơ sở công nhận theo quy định của pháp luật và Điều lệ Công đoàn Việt Nam."
lcdc000013,Định nghĩa về công đoàn cơ sở và các yếu tố cấu thành.
lcdc000014,"Điều 4 Giải thích từ ngữ
Công đoàn cấp trên trực tiếp cơ sở là một cấp trong hệ thống tổ chức công đoàn, trực tiếp thực hiện quyền công nhận công đoàn cơ sở, chỉ đạo hoạt động công đoàn cơ sở và liên kết công đoàn cơ sở theo quy định của pháp luật và Điều lệ Công đoàn Việt Nam."
lcdc000015,Định nghĩa về 'Công đoàn cấp trên trực tiếp cơ sở' trong hệ thống công đoàn.
lcdc000016,"Điều 4 Giải thích từ ngữ
Cán bộ công đoàn chuyên trách là người được tuyển dụng, bổ nhiệm để đảm nhiệm công việc thường xuyên trong tổ chức công đoàn."
lcdc000017,Định nghĩa cán bộ công đoàn chuyên trách trong Luật Công đoàn.
lcdc000018,"Điều 4 Giải thích từ ngữ
Cán bộ công đoàn không chuyên trách là người làm việc kiêm nhiệm được Đại hội công đoàn, Hội nghị công đoàn các cấp bầu ra hoặc được Ban chấp hành công đoàn chỉ định, bổ nhiệm vào chức danh từ Tổ phó tổ công đoàn trở lên."
lcdc000019,Định nghĩa cán bộ công đoàn không chuyên trách và cách thức bổ nhiệm.
lcdc000020,"Điều 4 Giải thích từ ngữ
Đơn vị sử dụng lao động là cơ quan, tổ chức, doanh nghiệp có tuyển dụng, sử dụng lao động và trả lương theo quy định của pháp luật."
lcdc000021,Giải thích khái niệm 'Đơn vị sử dụng lao động' trong Luật Công đoàn.
lcdc000022,"Điều 4 Giải thích từ ngữ
Tranh chấp về quyền công đoàn là tranh chấp phát sinh giữa người lao động, đoàn viên công đoàn, tổ chức công đoàn với đơn vị sử dụng lao động về việc thực hiện quyền công đoàn."
lcdc000023,Định nghĩa tranh chấp về quyền công đoàn giữa các bên liên quan.
lcdc000024,"Điều 4 Giải thích từ ngữ
Điều lệ Công đoàn Việt Nam là văn bản do Đại hội Công đoàn Việt Nam thông qua, quy định về tôn chỉ, mục đích, nguyên tắc tổ chức, hoạt động, cơ cấu tổ chức bộ máy của Công đoàn; quyền, trách nhiệm của tổ chức công đoàn các cấp; quyền, trách nhiệm của đoàn viên công đoàn."
lcdc000025,Định nghĩa về Điều lệ Công đoàn Việt Nam và nội dung cơ bản của điều lệ.
lcdc000026,"Điều 5 Quyền thành lập, gia nhập và hoạt động công đoàn
Người lao động là người Việt Nam làm việc trong cơ quan, tổ chức, doanh nghiệp có quyền thành lập, gia nhập và hoạt động công đoàn."
lcdc000027,"Quy định về quyền thành lập, gia nhập và hoạt động công đoàn của người lao động Việt Nam."
lcdc000028,"Điều 5 Quyền thành lập, gia nhập và hoạt động công đoàn
Người lao động là người Việt Nam làm việc trong cơ quan, tổ chức, doanh nghiệp có quyền thành lập, gia nhập và hoạt động công đoàn.
Trình tự, thủ tục thành lập, gia nhập và hoạt động công đoàn theo quy định của Điều lệ Công đoàn Việt Nam."
lcdc000029,"Điều 5 Quyền thành lập, gia nhập và hoạt động công đoàn
Trình tự, thủ tục thành lập, gia nhập và hoạt động công đoàn theo quy định của Điều lệ Công đoàn Việt Nam."
lcdc000030,"Quy định về quyền thành lập, gia nhập và hoạt động công đoàn, tuân theo Điều lệ Công đoàn Việt Nam."
lcdc000031,"Điều 6 Nguyên tắc tổ chức và hoạt động công đoàn
Công đoàn được thành lập trên cơ sở tự nguyện, tổ chức và hoạt động theo nguyên tắc tập trung dân chủ."
lcdc000032,"Quy định về nguyên tắc tổ chức và hoạt động của công đoàn, dựa trên tự nguyện và tập trung dân chủ."
lcdc000033,"Điều 6 Nguyên tắc tổ chức và hoạt động công đoàn
Công đoàn được thành lập trên cơ sở tự nguyện, tổ chức và hoạt động theo nguyên tắc tập trung dân chủ.
Công đoàn được tổ chức và hoạt động theo Điều lệ Công đoàn Việt Nam, phù hợp với đường lối, chủ trương, chính sách của Đảng và pháp luật của Nhà nước."
lcdc000034,"Điều 6 Nguyên tắc tổ chức và hoạt động công đoàn
Công đoàn được tổ chức và hoạt động theo Điều lệ Công đoàn Việt Nam, phù hợp với đường lối, chủ trương, chính sách của Đảng và pháp luật của Nhà nước."
lcdc000035,Công đoàn hoạt động theo Điều lệ Công đoàn Việt Nam và tuân thủ pháp luật.
lcdc000036,"Điều 7 Hệ thống tổ chức công đoàn
Hệ thống tổ chức công đoàn gồm có Tổng Liên đoàn Lao động Việt Nam và công đoàn các cấp theo quy định của Điều lệ Công đoàn Việt Nam."
lcdc000037,Điều 7 Luật Công đoàn quy định về hệ thống tổ chức công đoàn.
lcdc000038,"Điều 7 Hệ thống tổ chức công đoàn
Hệ thống tổ chức công đoàn gồm có Tổng Liên đoàn Lao động Việt Nam và công đoàn các cấp theo quy định của Điều lệ Công đoàn Việt Nam.
Công đoàn cơ sở được tổ chức trong cơ quan nhà nước, tổ chức chính trị, tổ chức chính trị - xã hội, tổ chức chính trị xã hội - nghề nghiệp, tổ chức xã hội - nghề nghiệp, đơn vị, doanh nghiệp, tổ chức khác có sử dụng lao động theo quy định của pháp luật về lao động, cơ quan, tổ chức nước ngoài, tổ chức quốc tế hoạt động trên lãnh thổ Việt Nam."
lcdc000039,"Điều 7 Hệ thống tổ chức công đoàn
Công đoàn cơ sở được tổ chức trong cơ quan nhà nước, tổ chức chính trị, tổ chức chính trị - xã hội, tổ chức chính trị xã hội - nghề nghiệp, tổ chức xã hội - nghề nghiệp, đơn vị, doanh nghiệp, tổ chức khác có sử dụng lao động theo quy định của pháp luật về lao động, cơ quan, tổ chức nước ngoài, tổ chức quốc tế hoạt động trên lãnh thổ Việt Nam."
lcdc000040,"Quy định về phạm vi tổ chức công đoàn cơ sở trong các loại hình cơ quan, tổ chức, doanh nghiệp."
lcdc000041,"Điều 8 Hợp tác quốc tế về công đoàn
Hợp tác quốc tế về công đoàn được thực hiện trên cơ sở bảo đảm nguyên tắc bình đẳng, tôn trọng độc lập, chủ quyền quốc gia, phù hợp với pháp luật Việt Nam và thông lệ quốc tế."
lcdc000042,"Quy định về hợp tác quốc tế của công đoàn, đảm bảo bình đẳng, tôn trọng chủ quyền và tuân thủ pháp luật."
lcdc000043,"Điều 8 Hợp tác quốc tế về công đoàn
Hợp tác quốc tế về công đoàn được thực hiện trên cơ sở bảo đảm nguyên tắc bình đẳng, tôn trọng độc lập, chủ quyền quốc gia, phù hợp với pháp luật Việt Nam và thông lệ quốc tế.
Việc gia nhập tổ chức công đoàn quốc tế của công đoàn các cấp phải phù hợp với quy định của pháp luật và Điều lệ Công đoàn Việt Nam."
lcdc000044,"Điều 8 Hợp tác quốc tế về công đoàn
Việc gia nhập tổ chức công đoàn quốc tế của công đoàn các cấp phải phù hợp với quy định của pháp luật và Điều lệ Công đoàn Việt Nam."
lcdc000045,Quy định về việc gia nhập tổ chức công đoàn quốc tế của công đoàn các cấp.
lcdc000046,"Điều 9 Những hành vi bị nghiêm cấm
Cản trở, gây khó khăn trong việc thực hiện quyền công đoàn."
lcdc000047,Luật nghiêm cấm mọi hành vi cản trở quyền công đoàn.
lcdc000048,"Điều 9 Những hành vi bị nghiêm cấm
Cản trở, gây khó khăn trong việc thực hiện quyền công đoàn.
Phân biệt đối xử hoặc có hành vi gây bất lợi đối với người lao động vì lý do thành lập, gia nhập và hoạt động công đoàn.
Sử dụng biện pháp kinh tế hoặc biện pháp khác gây bất lợi đối với tổ chức và hoạt động công đoàn.
Lợi dụng quyền công đoàn để vi phạm pháp luật, xâm phạm lợi ích của Nhà nước, quyền, lợi ích hợp pháp của cơ quan, tổ chức, doanh nghiệp, cá nhân."
lcdc000049,"Điều 9 Những hành vi bị nghiêm cấm
Phân biệt đối xử hoặc có hành vi gây bất lợi đối với người lao động vì lý do thành lập, gia nhập và hoạt động công đoàn."
lcdc000050,Nghiêm cấm mọi hành vi phân biệt đối xử với người lao động liên quan đến hoạt động công đoàn.
lcdc000051,"Điều 9 Những hành vi bị nghiêm cấm
Sử dụng biện pháp kinh tế hoặc biện pháp khác gây bất lợi đối với tổ chức và hoạt động công đoàn."
lcdc000052,Cấm sử dụng biện pháp kinh tế hoặc biện pháp khác gây bất lợi cho công đoàn.
lcdc000053,"Điều 9 Những hành vi bị nghiêm cấm
Lợi dụng quyền công đoàn để vi phạm pháp luật, xâm phạm lợi ích của Nhà nước, quyền, lợi ích hợp pháp của cơ quan, tổ chức, doanh nghiệp, cá nhân."
lcdc000054,Nghiêm cấm lợi dụng quyền công đoàn để vi phạm pháp luật và xâm phạm các quyền lợi hợp pháp.
lcdc000055,"Điều 10 Đại diện, bảo vệ quyền, lợi ích hợp pháp, chính đáng của người lao động
Hướng dẫn, tư vấn cho người lao động về quyền, nghĩa vụ của người lao động khi giao kết, thực hiện hợp đồng lao động, hợp đồng làm việc với đơn vị sử dụng lao động."
lcdc000056,"Công đoàn có quyền và trách nhiệm hướng dẫn, tư vấn cho người lao động về hợp đồng lao động."
lcdc000057,"Điều 10 Đại diện, bảo vệ quyền, lợi ích hợp pháp, chính đáng của người lao động
Hướng dẫn, tư vấn cho người lao động về quyền, nghĩa vụ của người lao động khi giao kết, thực hiện hợp đồng lao động, hợp đồng làm việc với đơn vị sử dụng lao động.
Đại diện cho tập thể người lao động thương lượng, ký kết và giám sát việc thực hiện thoả ước lao động tập thể.
Tham gia với đơn vị sử dụng lao động xây dựng và giám sát việc thực hiện thang, bảng lương, định mức lao động, quy chế trả lương, quy chế thưởng, nội quy lao động.
Đối thoại với đơn vị sử dụng lao động để giải quyết các vấn đề liên quan đến quyền lợi và nghĩa vụ của người lao động.
Tổ chức hoạt động tư vấn pháp luật cho người lao động.
Tham gia với cơ quan, tổ chức, cá nhân có thẩm quyền giải quyết tranh chấp lao động.
Kiến nghị với tổ chức, cơ quan nhà nước có thẩm quyền xem xét, giải quyết khi quyền, lợi ích hợp pháp, chính đáng của tập thể người lao động hoặc của người lao động bị xâm phạm.
Đại diện cho tập thể người lao động khởi kiện tại Toà án khi quyền, lợi ích hợp pháp, chính đáng của tập thể người lao động bị xâm phạm; đại diện cho người lao động khởi kiện tại Toà án khi quyền, lợi ích hợp pháp, chính đáng của người lao động bị xâm phạm và được người lao động uỷ quyền.
Đại diện cho tập thể người lao động tham gia tố tụng trong vụ án lao động, hành chính, phá sản doanh nghiệp để bảo vệ quyền, lợi ích hợp pháp, chính đáng của tập thể người lao động và người lao động.
Tổ chức và lãnh đạo đình công theo quy định của pháp luật. Chính phủ quy định chi tiết Điều này sau khi thống nhất với Tổng Liên đoàn Lao động Việt Nam."
lcdc000058,"Điều 10 Đại diện, bảo vệ quyền, lợi ích hợp pháp, chính đáng của người lao động
Đại diện cho tập thể người lao động thương lượng, ký kết và giám sát việc thực hiện thoả ước lao động tập thể."
lcdc000059,Công đoàn có quyền đại diện người lao động thương lượng và giám sát thỏa ước lao động tập thể.
lcdc000060,"Điều 10 Đại diện, bảo vệ quyền, lợi ích hợp pháp, chính đáng của người lao động
Tham gia với đơn vị sử dụng lao động xây dựng và giám sát việc thực hiện thang, bảng lương, định mức lao động, quy chế trả lương, quy chế thưởng, nội quy lao động."
lcdc000061,"Công đoàn có quyền tham gia xây dựng và giám sát các quy chế liên quan đến lương, thưởng, định mức lao động, nội quy lao động."
lcdc000062,"Điều 10 Đại diện, bảo vệ quyền, lợi ích hợp pháp, chính đáng của người lao động
Đối thoại với đơn vị sử dụng lao động để giải quyết các vấn đề liên quan đến quyền lợi và nghĩa vụ của người lao động."
lcdc000063,Công đoàn có quyền đại diện và bảo vệ quyền lợi của người lao động thông qua đối thoại.
lcdc000064,"Điều 10 Đại diện, bảo vệ quyền, lợi ích hợp pháp, chính đáng của người lao động
Tổ chức hoạt động tư vấn pháp luật cho người lao động."
lcdc000065,Công đoàn có quyền tư vấn pháp luật cho người lao động.
lcdc000066,"Điều 10 Đại diện, bảo vệ quyền, lợi ích hợp pháp, chính đáng của người lao động
Tham gia với cơ quan, tổ chức, cá nhân có thẩm quyền giải quyết tranh chấp lao động."
lcdc000067,Công đoàn có quyền tham gia giải quyết tranh chấp lao động để bảo vệ người lao động.
lcdc000068,"Điều 10 Đại diện, bảo vệ quyền, lợi ích hợp pháp, chính đáng của người lao động
Kiến nghị với tổ chức, cơ quan nhà nước có thẩm quyền xem xét, giải quyết khi quyền, lợi ích hợp pháp, chính đáng của tập thể người lao động hoặc của người lao động bị xâm phạm."
lcdc000069,Công đoàn có quyền kiến nghị bảo vệ quyền lợi người lao động.
lcdc000070,"Điều 10 Đại diện, bảo vệ quyền, lợi ích hợp pháp, chính đáng của người lao động
Đại diện cho tập thể người lao động khởi kiện tại Toà án khi quyền, lợi ích hợp pháp, chính đáng của tập thể người lao động bị xâm phạm; đại diện cho người lao động khởi kiện tại Toà án khi quyền, lợi ích hợp pháp, chính đáng của người lao động bị xâm phạm và được người lao động uỷ quyền."
lcdc000071,Công đoàn có quyền đại diện người lao động khởi kiện để bảo vệ quyền lợi.
lcdc000072,"Điều 10 Đại diện, bảo vệ quyền, lợi ích hợp pháp, chính đáng của người lao động
Đại diện cho tập thể người lao động tham gia tố tụng trong vụ án lao động, hành chính, phá sản doanh nghiệp để bảo vệ quyền, lợi ích hợp pháp, chính đáng của tập thể người lao động và người lao động."
lcdc000073,Công đoàn có quyền đại diện người lao động tham gia tố tụng để bảo vệ quyền lợi.
lcdc000074,"Điều 10 Đại diện, bảo vệ quyền, lợi ích hợp pháp, chính đáng của người lao động
Tổ chức và lãnh đạo đình công theo quy định của pháp luật. Chính phủ quy định chi tiết Điều này sau khi thống nhất với Tổng Liên đoàn Lao động Việt Nam."
lcdc000075,"Công đoàn có quyền đại diện, bảo vệ quyền lợi người lao động và tổ chức đình công hợp pháp."
lcdc000076,"Điều 11 Tham gia quản lý nhà nước, quản lý kinh tế - xã hội
Tham gia với cơ quan nhà nước xây dựng chính sách, pháp luật về kinh tế - xã hội, lao động, việc làm, tiền lương, bảo hiểm xã hội, bảo hiểm y tế, bảo hộ lao động và chính sách, pháp luật khác liên quan đến tổ chức công đoàn, quyền, nghĩa vụ của người lao động."
lcdc000077,"Công đoàn có quyền tham gia xây dựng chính sách, pháp luật liên quan đến người lao động."
lcdc000078,"Điều 11 Tham gia quản lý nhà nước, quản lý kinh tế - xã hội
Tham gia với cơ quan nhà nước xây dựng chính sách, pháp luật về kinh tế - xã hội, lao động, việc làm, tiền lương, bảo hiểm xã hội, bảo hiểm y tế, bảo hộ lao động và chính sách, pháp luật khác liên quan đến tổ chức công đoàn, quyền, nghĩa vụ của người lao động.
Phối hợp với cơ quan nhà nước nghiên cứu, ứng dụng khoa học, công nghệ, kỹ thuật bảo hộ lao động, xây dựng tiêu chuẩn, quy chuẩn an toàn, vệ sinh lao động.
Tham gia với cơ quan nhà nước quản lý bảo hiểm xã hội, bảo hiểm y tế; giải quyết khiếu nại, tố cáo của người lao động, tập thể người lao động theo quy định của pháp luật.
Tham gia xây dựng quan hệ lao động hài hoà, ổn định và tiến bộ trong cơ quan, tổ chức, doanh nghiệp.
Tham gia xây dựng và thực hiện quy chế dân chủ trong cơ quan, tổ chức, doanh nghiệp.
Phối hợp tổ chức phong trào thi đua trong phạm vi ngành, địa phương, cơ quan, tổ chức, doanh nghiệp. Chính phủ quy định chi tiết Điều này sau khi thống nhất với Tổng Liên đoàn Lao động Việt Nam."
lcdc000079,"Điều 11 Tham gia quản lý nhà nước, quản lý kinh tế - xã hội
Phối hợp với cơ quan nhà nước nghiên cứu, ứng dụng khoa học, công nghệ, kỹ thuật bảo hộ lao động, xây dựng tiêu chuẩn, quy chuẩn an toàn, vệ sinh lao động."
lcdc000080,Công đoàn có quyền phối hợp với cơ quan nhà nước trong nghiên cứu và ứng dụng khoa học kỹ thuật về bảo hộ lao động.
lcdc000081,"Điều 11 Tham gia quản lý nhà nước, quản lý kinh tế - xã hội
Tham gia với cơ quan nhà nước quản lý bảo hiểm xã hội, bảo hiểm y tế; giải quyết khiếu nại, tố cáo của người lao động, tập thể người lao động theo quy định của pháp luật."
lcdc000082,"Công đoàn có quyền tham gia quản lý bảo hiểm xã hội, bảo hiểm y tế và giải quyết khiếu nại, tố cáo của người lao động."
lcdc000083,"Điều 11 Tham gia quản lý nhà nước, quản lý kinh tế - xã hội
Tham gia xây dựng quan hệ lao động hài hoà, ổn định và tiến bộ trong cơ quan, tổ chức, doanh nghiệp."
lcdc000084,"Công đoàn có quyền tham gia xây dựng quan hệ lao động tốt đẹp trong các tổ chức, doanh nghiệp."
lcdc000085,"Điều 11 Tham gia quản lý nhà nước, quản lý kinh tế - xã hội
Tham gia xây dựng và thực hiện quy chế dân chủ trong cơ quan, tổ chức, doanh nghiệp."
lcdc000086,Công đoàn có quyền tham gia xây dựng và thực hiện quy chế dân chủ tại nơi làm việc.
lcdc000087,"Điều 11 Tham gia quản lý nhà nước, quản lý kinh tế - xã hội
Phối hợp tổ chức phong trào thi đua trong phạm vi ngành, địa phương, cơ quan, tổ chức, doanh nghiệp. Chính phủ quy định chi tiết Điều này sau khi thống nhất với Tổng Liên đoàn Lao động Việt Nam."
lcdc000088,Công đoàn có quyền phối hợp tổ chức phong trào thi đua các cấp.
lcdc000089,"Điều 12 Trình dự án luật, pháp lệnh và kiến nghị xây dựng chính sách, pháp luật
Tổng Liên đoàn Lao động Việt Nam có quyền trình dự án luật, pháp lệnh ra trước Quốc hội, Ủy ban thường vụ Quốc hội."
lcdc000090,"Tổng Liên đoàn Lao động Việt Nam có quyền trình dự án luật, pháp lệnh lên Quốc hội."
lcdc000091,"Điều 12 Trình dự án luật, pháp lệnh và kiến nghị xây dựng chính sách, pháp luật
Tổng Liên đoàn Lao động Việt Nam có quyền trình dự án luật, pháp lệnh ra trước Quốc hội, Ủy ban thường vụ Quốc hội.
Công đoàn các cấp có quyền kiến nghị với cơ quan nhà nước có thẩm quyền xây dựng, sửa đổi, bổ sung chính sách, pháp luật có liên quan đến tổ chức công đoàn, quyền, nghĩa vụ của người lao động."
lcdc000092,"Điều 12 Trình dự án luật, pháp lệnh và kiến nghị xây dựng chính sách, pháp luật
Công đoàn các cấp có quyền kiến nghị với cơ quan nhà nước có thẩm quyền xây dựng, sửa đổi, bổ sung chính sách, pháp luật có liên quan đến tổ chức công đoàn, quyền, nghĩa vụ của người lao động."
lcdc000093,Quyền của công đoàn trong việc kiến nghị xây dựng và sửa đổi luật pháp liên quan đến quyền lợi người lao động.
lcdc000094,"Điều 13 Tham dự các phiên họp, cuộc họp, kỳ họp và hội nghị
Chủ tịch Tổng Liên đoàn Lao động Việt Nam, chủ tịch công đoàn các cấp có quyền, trách nhiệm tham dự các phiên họp, cuộc họp, kỳ họp và hội nghị của các cơ quan, tổ chức hữu quan cùng cấp khi bàn và quyết định những vấn đề liên quan đến quyền, nghĩa vụ của người lao động."
lcdc000095,Quyền tham dự các cuộc họp của công đoàn để bảo vệ quyền lợi người lao động.
lcdc000096,"Điều 14 Tham gia thanh tra, kiểm tra, giám sát hoạt động của cơ quan, tổ chức, doanh nghiệp
Tham gia, phối hợp với cơ quan nhà nước có thẩm quyền thanh tra, kiểm tra, giám sát việc thực hiện chế độ, chính sách, pháp luật về lao động, công đoàn, cán bộ, công chức, viên chức, bảo hiểm xã hội, bảo hiểm y tế và chế độ, chính sách, pháp luật khác có liên quan đến quyền, nghĩa vụ của người lao động; điều tra tai nạn lao động, bệnh nghề nghiệp."
lcdc000097,"Công đoàn có quyền tham gia thanh tra, kiểm tra, giám sát hoạt động của cơ quan, tổ chức, doanh nghiệp liên quan đến quyền lợi người lao động."
lcdc000098,"Điều 14 Tham gia thanh tra, kiểm tra, giám sát hoạt động của cơ quan, tổ chức, doanh nghiệp
Tham gia, phối hợp với cơ quan nhà nước có thẩm quyền thanh tra, kiểm tra, giám sát việc thực hiện chế độ, chính sách, pháp luật về lao động, công đoàn, cán bộ, công chức, viên chức, bảo hiểm xã hội, bảo hiểm y tế và chế độ, chính sách, pháp luật khác có liên quan đến quyền, nghĩa vụ của người lao động; điều tra tai nạn lao động, bệnh nghề nghiệp.
Khi tham gia, phối hợp thanh tra, kiểm tra, giám sát theo quy định tại khoản 1 Điều này, Công đoàn có quyền sau đây:
Yêu cầu cơ quan, tổ chức, doanh nghiệp cung cấp thông tin, tài liệu và giải trình những vấn đề có liên quan;
Kiến nghị biện pháp sửa chữa thiếu sót, ngăn ngừa vi phạm, khắc phục hậu quả và xử lý hành vi vi phạm pháp luật;
Trường hợp phát hiện nơi làm việc có yếu tố ảnh hưởng hoặc nguy hiểm đến sức khoẻ, tính mạng người lao động, Công đoàn có quyền yêu cầu cơ quan, tổ chức, doanh nghiệp, cá nhân có trách nhiệm thực hiện ngay biện pháp khắc phục, bảo đảm an toàn lao động, kể cả trường hợp phải tạm ngừng hoạt động."
lcdc000099,"Điều 14 Tham gia thanh tra, kiểm tra, giám sát hoạt động của cơ quan, tổ chức, doanh nghiệp
Khi tham gia, phối hợp thanh tra, kiểm tra, giám sát theo quy định tại khoản 1 Điều này, Công đoàn có quyền sau đây:
Yêu cầu cơ quan, tổ chức, doanh nghiệp cung cấp thông tin, tài liệu và giải trình những vấn đề có liên quan;"
lcdc000100,"Quyền của công đoàn khi tham gia thanh tra, kiểm tra, giám sát doanh nghiệp."
lcdc000101,"Điều 14 Tham gia thanh tra, kiểm tra, giám sát hoạt động của cơ quan, tổ chức, doanh nghiệp
Khi tham gia, phối hợp thanh tra, kiểm tra, giám sát theo quy định tại khoản 1 Điều này, Công đoàn có quyền sau đây:
Kiến nghị biện pháp sửa chữa thiếu sót, ngăn ngừa vi phạm, khắc phục hậu quả và xử lý hành vi vi phạm pháp luật;"
lcdc000102,"Công đoàn có quyền kiến nghị biện pháp khắc phục sai phạm khi tham gia thanh tra, kiểm tra, giám sát."
lcdc000103,"Điều 14 Tham gia thanh tra, kiểm tra, giám sát hoạt động của cơ quan, tổ chức, doanh nghiệp
Khi tham gia, phối hợp thanh tra, kiểm tra, giám sát theo quy định tại khoản 1 Điều này, Công đoàn có quyền sau đây:
Trường hợp phát hiện nơi làm việc có yếu tố ảnh hưởng hoặc nguy hiểm đến sức khoẻ, tính mạng người lao động, Công đoàn có quyền yêu cầu cơ quan, tổ chức, doanh nghiệp, cá nhân có trách nhiệm thực hiện ngay biện pháp khắc phục, bảo đảm an toàn lao động, kể cả trường hợp phải tạm ngừng hoạt động."
lcdc000104,Công đoàn có quyền yêu cầu tạm ngừng hoạt động nếu phát hiện nguy cơ mất an toàn lao động.
lcdc000105,"Điều 15 Tuyên truyền, vận động, giáo dục người lao động
Tuyên truyền đường lối, chủ trương, chính sách của Đảng, pháp luật của Nhà nước liên quan đến Công đoàn, người lao động; quy định của Công đoàn."
lcdc000106,"Công đoàn có quyền tuyên truyền về đường lối của Đảng, pháp luật của Nhà nước và quy định của Công đoàn đến người lao động."
lcdc000107,"Điều 15 Tuyên truyền, vận động, giáo dục người lao động
Tuyên truyền đường lối, chủ trương, chính sách của Đảng, pháp luật của Nhà nước liên quan đến Công đoàn, người lao động; quy định của Công đoàn.
Tuyên truyền, vận động, giáo dục người lao động học tập, nâng cao trình độ chính trị, văn hóa, chuyên môn, kỹ năng nghề nghiệp, ý thức chấp hành pháp luật, nội quy, quy chế của cơ quan, tổ chức, doanh nghiệp.
Tuyên truyền, vận động, giáo dục người lao động thực hành tiết kiệm, chống lãng phí, đấu tranh phòng, chống tham nhũng."
lcdc000108,"Điều 15 Tuyên truyền, vận động, giáo dục người lao động
Tuyên truyền, vận động, giáo dục người lao động học tập, nâng cao trình độ chính trị, văn hóa, chuyên môn, kỹ năng nghề nghiệp, ý thức chấp hành pháp luật, nội quy, quy chế của cơ quan, tổ chức, doanh nghiệp."
lcdc000109,"Công đoàn có trách nhiệm tuyên truyền, giáo dục người lao động nâng cao nhận thức và kỹ năng."
lcdc000110,"Điều 15 Tuyên truyền, vận động, giáo dục người lao động
Tuyên truyền, vận động, giáo dục người lao động thực hành tiết kiệm, chống lãng phí, đấu tranh phòng, chống tham nhũng."
lcdc000111,"Công đoàn có trách nhiệm tuyên truyền, vận động người lao động về tiết kiệm, chống lãng phí và tham nhũng."
lcdc000112,"Điều 16 Phát triển đoàn viên công đoàn và công đoàn cơ sở
Công đoàn có quyền, trách nhiệm phát triển đoàn viên công đoàn và công đoàn cơ sở trong cơ quan, tổ chức, doanh nghiệp."
lcdc000113,Quy định về quyền và trách nhiệm của công đoàn trong việc phát triển đoàn viên và công đoàn cơ sở.
lcdc000114,"Điều 16 Phát triển đoàn viên công đoàn và công đoàn cơ sở
Công đoàn có quyền, trách nhiệm phát triển đoàn viên công đoàn và công đoàn cơ sở trong cơ quan, tổ chức, doanh nghiệp.
Công đoàn cấp trên trực tiếp cơ sở có quyền, trách nhiệm cử cán bộ công đoàn đến cơ quan, tổ chức, doanh nghiệp để tuyên truyền, vận động, hướng dẫn người lao động thành lập, gia nhập và hoạt động công đoàn."
lcdc000115,"Điều 16 Phát triển đoàn viên công đoàn và công đoàn cơ sở
Công đoàn cấp trên trực tiếp cơ sở có quyền, trách nhiệm cử cán bộ công đoàn đến cơ quan, tổ chức, doanh nghiệp để tuyên truyền, vận động, hướng dẫn người lao động thành lập, gia nhập và hoạt động công đoàn."
lcdc000116,Quyền và trách nhiệm của công đoàn cấp trên trong việc phát triển đoàn viên và công đoàn cơ sở.
lcdc000117,"Điều 17 Quyền, trách nhiệm của công đoàn cấp trên trực tiếp cơ sở đối với người lao động ở cơ quan, tổ chức, doanh nghiệp chưa thành lập công đoàn cơ sở
Ở cơ quan, tổ chức, doanh nghiệp chưa thành lập công đoàn cơ sở, công đoàn cấp trên trực tiếp cơ sở có quyền, trách nhiệm đại diện, bảo vệ quyền, lợi ích hợp pháp, chính đáng của người lao động khi được người lao động ở đó yêu cầu."
lcdc000118,Công đoàn cấp trên trực tiếp cơ sở có quyền đại diện và bảo vệ quyền lợi người lao động tại các đơn vị chưa có công đoàn cơ sở khi được yêu cầu.
lcdc000119,"Điều 18 Quyền của đoàn viên công đoàn
Yêu cầu Công đoàn đại diện, bảo vệ quyền, lợi ích hợp pháp, chính đáng khi bị xâm phạm."
lcdc000120,Đoàn viên công đoàn có quyền yêu cầu công đoàn bảo vệ quyền lợi hợp pháp.
lcdc000121,"Điều 18 Quyền của đoàn viên công đoàn
Yêu cầu Công đoàn đại diện, bảo vệ quyền, lợi ích hợp pháp, chính đáng khi bị xâm phạm.
Được thông tin, thảo luận, đề xuất và biểu quyết công việc của Công đoàn; được thông tin về đường lối, chủ trương, chính sách của Đảng và pháp luật của Nhà nước liên quan đến Công đoàn, người lao động; quy định của Công đoàn.
Ứng cử, đề cử, bầu cử cơ quan lãnh đạo công đoàn theo quy định của Điều lệ Công đoàn Việt Nam; chất vấn cán bộ lãnh đạo công đoàn; kiến nghị xử lý kỷ luật cán bộ công đoàn có sai phạm.
Được Công đoàn tư vấn pháp luật, trợ giúp pháp lý miễn phí pháp luật về lao động, công đoàn.
Được Công đoàn hướng dẫn giúp đỡ tìm việc làm, học nghề; thăm hỏi, giúp đỡ lúc ốm đau hoặc khi gặp hoàn cảnh khó khăn.
Tham gia hoạt động văn hoá, thể thao, du lịch do Công đoàn tổ chức.
Đề xuất với Công đoàn kiến nghị cơ quan, tổ chức, doanh nghiệp về việc thực hiện chế độ, chính sách, pháp luật đối với người lao động."
lcdc000122,"Điều 18 Quyền của đoàn viên công đoàn
Được thông tin, thảo luận, đề xuất và biểu quyết công việc của Công đoàn; được thông tin về đường lối, chủ trương, chính sách của Đảng và pháp luật của Nhà nước liên quan đến Công đoàn, người lao động; quy định của Công đoàn."
lcdc000123,Quy định về quyền của đoàn viên công đoàn trong việc tiếp cận thông tin và tham gia vào hoạt động công đoàn.
lcdc000124,"Điều 18 Quyền của đoàn viên công đoàn
Ứng cử, đề cử, bầu cử cơ quan lãnh đạo công đoàn theo quy định của Điều lệ Công đoàn Việt Nam; chất vấn cán bộ lãnh đạo công đoàn; kiến nghị xử lý kỷ luật cán bộ công đoàn có sai phạm."
lcdc000125,"Quy định về quyền ứng cử, đề cử, bầu cử, chất vấn, và kiến nghị kỷ luật của đoàn viên công đoàn."
lcdc000126,"Điều 18 Quyền của đoàn viên công đoàn
Được Công đoàn tư vấn pháp luật, trợ giúp pháp lý miễn phí pháp luật về lao động, công đoàn."
lcdc000127,"Đoàn viên công đoàn có quyền được tư vấn, trợ giúp pháp lý miễn phí về lao động, công đoàn."
lcdc000128,"Điều 18 Quyền của đoàn viên công đoàn
Được Công đoàn hướng dẫn giúp đỡ tìm việc làm, học nghề; thăm hỏi, giúp đỡ lúc ốm đau hoặc khi gặp hoàn cảnh khó khăn."
lcdc000129,"Quy định về quyền được công đoàn hỗ trợ tìm việc, học nghề và giúp đỡ khi gặp khó khăn của đoàn viên."
lcdc000130,"Điều 18 Quyền của đoàn viên công đoàn
Tham gia hoạt động văn hoá, thể thao, du lịch do Công đoàn tổ chức."
lcdc000131,"Đoàn viên công đoàn có quyền tham gia các hoạt động văn hóa, thể thao, du lịch do công đoàn tổ chức."
lcdc000132,"Điều 18 Quyền của đoàn viên công đoàn
Đề xuất với Công đoàn kiến nghị cơ quan, tổ chức, doanh nghiệp về việc thực hiện chế độ, chính sách, pháp luật đối với người lao động."
lcdc000133,Đoàn viên công đoàn có quyền đề xuất với công đoàn về các vấn đề liên quan đến quyền lợi người lao động.
lcdc000134,"Điều 19 Trách nhiệm của đoàn viên công đoàn
Chấp hành và thực hiện Điều lệ Công đoàn Việt Nam, nghị quyết của Công đoàn; tham gia các hoạt động công đoàn, xây dựng tổ chức công đoàn vững mạnh."
lcdc000135,Quy định về trách nhiệm cơ bản của đoàn viên công đoàn.
lcdc000136,"Điều 19 Trách nhiệm của đoàn viên công đoàn
Chấp hành và thực hiện Điều lệ Công đoàn Việt Nam, nghị quyết của Công đoàn; tham gia các hoạt động công đoàn, xây dựng tổ chức công đoàn vững mạnh.
Học tập nâng cao trình độ chính trị, văn hoá, chuyên môn, kỹ năng nghề nghiệp; rèn luyện phẩm chất giai cấp công nhân; sống và làm việc theo Hiến pháp và pháp luật.
Đoàn kết, giúp đỡ đồng nghiệp nâng cao trình độ, kỹ năng nghề nghiệp, lao động có hiệu quả và bảo vệ quyền, lợi ích hợp pháp, chính đáng của người lao động và tổ chức công đoàn."
lcdc000137,"Điều 19 Trách nhiệm của đoàn viên công đoàn
Học tập nâng cao trình độ chính trị, văn hoá, chuyên môn, kỹ năng nghề nghiệp; rèn luyện phẩm chất giai cấp công nhân; sống và làm việc theo Hiến pháp và pháp luật."
lcdc000138,Quy định về trách nhiệm học tập và tuân thủ pháp luật của đoàn viên công đoàn.
lcdc000139,"Điều 19 Trách nhiệm của đoàn viên công đoàn
Đoàn kết, giúp đỡ đồng nghiệp nâng cao trình độ, kỹ năng nghề nghiệp, lao động có hiệu quả và bảo vệ quyền, lợi ích hợp pháp, chính đáng của người lao động và tổ chức công đoàn."
lcdc000140,Quy định về trách nhiệm của đoàn viên công đoàn trong việc hỗ trợ đồng nghiệp và bảo vệ quyền lợi.
lcdc000141,"Điều 20 Quan hệ giữa Công đoàn với Nhà nước, cơ quan, tổ chức, doanh nghiệp
Quan hệ giữa Công đoàn với Nhà nước, cơ quan, tổ chức, doanh nghiệp là quan hệ hợp tác, phối hợp để thực hiện chức năng, quyền, trách nhiệm của các bên theo quy định của pháp luật, góp phần xây dựng quan hệ lao động hài hoà, ổn định và tiến bộ."
lcdc000142,"Quy định về mối quan hệ hợp tác giữa công đoàn và các cơ quan, tổ chức, doanh nghiệp."
lcdc000143,"Điều 21 Trách nhiệm của Nhà nước đối với Công đoàn
Bảo đảm, hỗ trợ, tạo điều kiện cho Công đoàn thực hiện chức năng, quyền, trách nhiệm theo quy định của pháp luật."
lcdc000144,Nhà nước có trách nhiệm bảo đảm và tạo điều kiện cho Công đoàn hoạt động.
lcdc000145,"Điều 21 Trách nhiệm của Nhà nước đối với Công đoàn
Bảo đảm, hỗ trợ, tạo điều kiện cho Công đoàn thực hiện chức năng, quyền, trách nhiệm theo quy định của pháp luật.
Tuyên truyền, phổ biến, giáo dục pháp luật về lao động, công đoàn và quy định khác của pháp luật có liên quan đến tổ chức công đoàn, quyền, nghĩa vụ của người lao động; thanh tra, kiểm tra, giám sát và xử lý hành vi vi phạm pháp luật về công đoàn; phối hợp với Công đoàn chăm lo và bảo đảm quyền, lợi ích hợp pháp, chính đáng của người lao động.
Lấy ý kiến của Công đoàn khi xây dựng chính sách, pháp luật liên quan trực tiếp đến tổ chức công đoàn, quyền, nghĩa vụ của người lao động.
Phối hợp và tạo điều kiện để Công đoàn tham gia quản lý nhà nước, quản lý kinh tế - xã hội, đại diện, bảo vệ quyền, lợi ích hợp pháp, chính đáng của người lao động"
lcdc000146,"Điều 21 Trách nhiệm của Nhà nước đối với Công đoàn
Tuyên truyền, phổ biến, giáo dục pháp luật về lao động, công đoàn và quy định khác của pháp luật có liên quan đến tổ chức công đoàn, quyền, nghĩa vụ của người lao động; thanh tra, kiểm tra, giám sát và xử lý hành vi vi phạm pháp luật về công đoàn; phối hợp với Công đoàn chăm lo và bảo đảm quyền, lợi ích hợp pháp, chính đáng của người lao động."
lcdc000147,Nhà nước có trách nhiệm tuyên truyền pháp luật về công đoàn và bảo vệ quyền lợi người lao động.
lcdc000148,"Điều 21 Trách nhiệm của Nhà nước đối với Công đoàn
Lấy ý kiến của Công đoàn khi xây dựng chính sách, pháp luật liên quan trực tiếp đến tổ chức công đoàn, quyền, nghĩa vụ của người lao động."
lcdc000149,"Nhà nước phải tham khảo ý kiến Công đoàn khi xây dựng chính sách, luật liên quan đến Công đoàn và người lao động."
lcdc000150,"Điều 21 Trách nhiệm của Nhà nước đối với Công đoàn
Phối hợp và tạo điều kiện để Công đoàn tham gia quản lý nhà nước, quản lý kinh tế - xã hội, đại diện, bảo vệ quyền, lợi ích hợp pháp, chính đáng của người lao động"
lcdc000151,"Nhà nước có trách nhiệm phối hợp, tạo điều kiện cho Công đoàn thực hiện chức năng của mình."
lcdc000152,"Điều 22 Trách nhiệm của cơ quan, tổ chức, doanh nghiệp đối với Công đoàn
Phối hợp với Công đoàn thực hiện chức năng, quyền, nghĩa vụ của các bên theo quy định của pháp luật."
lcdc000153,"Quy định về trách nhiệm phối hợp của cơ quan, tổ chức, doanh nghiệp đối với Công đoàn."
lcdc000154,"Điều 22 Trách nhiệm của cơ quan, tổ chức, doanh nghiệp đối với Công đoàn
Phối hợp với Công đoàn thực hiện chức năng, quyền, nghĩa vụ của các bên theo quy định của pháp luật.
Tạo điều kiện cho người lao động thành lập, gia nhập và hoạt động công đoàn.
Phối hợp với công đoàn cùng cấp xây dựng, ban hành và thực hiện quy chế phối hợp hoạt động.
Thừa nhận và tạo điều kiện để công đoàn cơ sở thực hiện quyền, trách nhiệm theo quy định của pháp luật.
Trao đổi, cung cấp đầy đủ, chính xác, kịp thời thông tin liên quan đến tổ chức, hoạt động của cơ quan, tổ chức, doanh nghiệp theo quy định của pháp luật khi Công đoàn đề nghị.
Phối hợp với Công đoàn tổ chức đối thoại, thương lượng, ký kết, thực hiện thoả ước lao động tập thể và quy chế dân chủ cơ sở.
Lấy ý kiến của công đoàn cùng cấp trước khi quyết định những vấn đề liên quan đến quyền, nghĩa vụ của người lao động.
Phối hợp với Công đoàn giải quyết tranh chấp lao động và những vấn đề liên quan đến việc thực hiện pháp luật về lao động.
Bảo đảm điều kiện hoạt động công đoàn, cán bộ công đoàn và đóng kinh phí công đoàn theo quy định tại các điều 24, 25 và 26 của Luật này."
lcdc000155,"Điều 22 Trách nhiệm của cơ quan, tổ chức, doanh nghiệp đối với Công đoàn
Tạo điều kiện cho người lao động thành lập, gia nhập và hoạt động công đoàn."
lcdc000156,"Quy định về trách nhiệm của cơ quan, tổ chức, doanh nghiệp trong việc tạo điều kiện cho hoạt động công đoàn."
lcdc000157,"Điều 22 Trách nhiệm của cơ quan, tổ chức, doanh nghiệp đối với Công đoàn
Phối hợp với công đoàn cùng cấp xây dựng, ban hành và thực hiện quy chế phối hợp hoạt động."
lcdc000158,"Quy định về trách nhiệm phối hợp của cơ quan, tổ chức, doanh nghiệp với công đoàn trong xây dựng và thực hiện quy chế phối hợp."
lcdc000159,"Điều 22 Trách nhiệm của cơ quan, tổ chức, doanh nghiệp đối với Công đoàn
Thừa nhận và tạo điều kiện để công đoàn cơ sở thực hiện quyền, trách nhiệm theo quy định của pháp luật."
lcdc000160,"Quy định về nghĩa vụ của cơ quan, tổ chức, doanh nghiệp trong việc tạo điều kiện cho công đoàn hoạt động."
lcdc000161,"Điều 22 Trách nhiệm của cơ quan, tổ chức, doanh nghiệp đối với Công đoàn
Trao đổi, cung cấp đầy đủ, chính xác, kịp thời thông tin liên quan đến tổ chức, hoạt động của cơ quan, tổ chức, doanh nghiệp theo quy định của pháp luật khi Công đoàn đề nghị."
lcdc000162,"Cơ quan, tổ chức, doanh nghiệp có trách nhiệm cung cấp thông tin cho Công đoàn."
lcdc000163,"Điều 22 Trách nhiệm của cơ quan, tổ chức, doanh nghiệp đối với Công đoàn
Phối hợp với Công đoàn tổ chức đối thoại, thương lượng, ký kết, thực hiện thoả ước lao động tập thể và quy chế dân chủ cơ sở."
lcdc000164,"Quy định về trách nhiệm phối hợp của cơ quan, tổ chức, doanh nghiệp với công đoàn trong đối thoại, thương lượng."
lcdc000165,"Điều 22 Trách nhiệm của cơ quan, tổ chức, doanh nghiệp đối với Công đoàn
Lấy ý kiến của công đoàn cùng cấp trước khi quyết định những vấn đề liên quan đến quyền, nghĩa vụ của người lao động."
lcdc000166,Quy định về trách nhiệm lấy ý kiến công đoàn trước khi quyết định về quyền lợi người lao động.
lcdc000167,"Điều 22 Trách nhiệm của cơ quan, tổ chức, doanh nghiệp đối với Công đoàn
Phối hợp với Công đoàn giải quyết tranh chấp lao động và những vấn đề liên quan đến việc thực hiện pháp luật về lao động."
lcdc000168,"Trách nhiệm phối hợp của cơ quan, tổ chức, doanh nghiệp với công đoàn trong giải quyết tranh chấp lao động."
lcdc000169,"Điều 22 Trách nhiệm của cơ quan, tổ chức, doanh nghiệp đối với Công đoàn
Bảo đảm điều kiện hoạt động công đoàn, cán bộ công đoàn và đóng kinh phí công đoàn theo quy định tại các điều 24, 25 và 26 của Luật này."
lcdc000170,"Quy định về trách nhiệm của cơ quan, tổ chức, doanh nghiệp trong việc đảm bảo hoạt động công đoàn."
lcdc000171,"Điều 23 Bảo đảm về tổ chức, cán bộ
Công đoàn các cấp được bảo đảm về tổ chức và số lượng cán bộ, công chức để thực hiện chức năng, quyền, trách nhiệm theo quy định của pháp luật."
lcdc000172,Công đoàn được đảm bảo về tổ chức và số lượng cán bộ để thực hiện chức năng.
lcdc000173,"Điều 23 Bảo đảm về tổ chức, cán bộ
Công đoàn các cấp được bảo đảm về tổ chức và số lượng cán bộ, công chức để thực hiện chức năng, quyền, trách nhiệm theo quy định của pháp luật.
Tổng Liên đoàn Lao động Việt Nam xây dựng cơ cấu tổ chức bộ máy và chức danh cán bộ công đoàn trình cơ quan có thẩm quyền quyết định hoặc quyết định theo thẩm quyền.
Căn cứ vào yêu cầu nhiệm vụ của từng công đoàn cơ sở và số lượng lao động trong cơ quan, tổ chức, doanh nghiệp, cơ quan có thẩm quyền quản lý cán bộ công đoàn quyết định bố trí cán bộ công đoàn chuyên trách."
lcdc000174,"Điều 23 Bảo đảm về tổ chức, cán bộ
Tổng Liên đoàn Lao động Việt Nam xây dựng cơ cấu tổ chức bộ máy và chức danh cán bộ công đoàn trình cơ quan có thẩm quyền quyết định hoặc quyết định theo thẩm quyền."
lcdc000175,Quy định về quyền tự chủ của Tổng Liên đoàn Lao động Việt Nam trong việc xây dựng cơ cấu tổ chức và cán bộ.
lcdc000176,"Điều 23 Bảo đảm về tổ chức, cán bộ
Căn cứ vào yêu cầu nhiệm vụ của từng công đoàn cơ sở và số lượng lao động trong cơ quan, tổ chức, doanh nghiệp, cơ quan có thẩm quyền quản lý cán bộ công đoàn quyết định bố trí cán bộ công đoàn chuyên trách."
lcdc000177,Quy định về việc bố trí cán bộ công đoàn chuyên trách tại cơ sở.
lcdc000178,"Điều 24 Bảo đảm điều kiện hoạt động công đoàn
Cơ quan, tổ chức, doanh nghiệp có trách nhiệm bố trí nơi làm việc và tạo điều kiện về phương tiện làm việc cần thiết cho công đoàn cùng cấp hoạt động."
lcdc000179,"Trách nhiệm của cơ quan, tổ chức, doanh nghiệp trong việc đảm bảo điều kiện làm việc cho công đoàn."
lcdc000180,"Điều 24 Bảo đảm điều kiện hoạt động công đoàn
Cơ quan, tổ chức, doanh nghiệp có trách nhiệm bố trí nơi làm việc và tạo điều kiện về phương tiện làm việc cần thiết cho công đoàn cùng cấp hoạt động.
Cán bộ công đoàn không chuyên trách được sử dụng 24 giờ làm việc trong một tháng đối với Chủ tịch, Phó Chủ tịch công đoàn cơ sở; 12 giờ làm việc trong 01 tháng đối với Ủy viên Ban chấp hành, Tổ trưởng, Tổ phó tổ công đoàn để làm công tác công đoàn và được đơn vị sử dụng lao động trả lương. Tuỳ theo quy mô cơ quan, tổ chức, doanh nghiệp mà Ban Chấp hành công đoàn cơ sở và đơn vị sử dụng lao động thoả thuận về thời gian tăng thêm.
Cán bộ công đoàn không chuyên trách được nghỉ làm việc và được hưởng lương do đơn vị sử dụng lao động chi trả trong những ngày tham dự cuộc họp, tập huấn do công đoàn cấp trên triệu tập; chi phí đi lại, ăn ở và sinh hoạt trong những ngày tham dự cuộc họp, tập huấn do cấp công đoàn triệu tập chi trả.
Cán bộ công đoàn không chuyên trách do đơn vị sử dụng lao động trả lương, được hưởng phụ cấp trách nhiệm cán bộ công đoàn theo quy định của Tổng Liên đoàn Lao động Việt Nam.
Cán bộ công đoàn chuyên trách do Công đoàn trả lương, được đơn vị sử dụng lao động bảo đảm quyền lợi và phúc lợi tập thể như người lao động đang làm việc trong cơ quan, tổ chức, doanh nghiệp."
lcdc000181,"Điều 24 Bảo đảm điều kiện hoạt động công đoàn
Cán bộ công đoàn không chuyên trách được sử dụng 24 giờ làm việc trong một tháng đối với Chủ tịch, Phó Chủ tịch công đoàn cơ sở; 12 giờ làm việc trong 01 tháng đối với Ủy viên Ban chấp hành, Tổ trưởng, Tổ phó tổ công đoàn để làm công tác công đoàn và được đơn vị sử dụng lao động trả lương. Tuỳ theo quy mô cơ quan, tổ chức, doanh nghiệp mà Ban Chấp hành công đoàn cơ sở và đơn vị sử dụng lao động thoả thuận về thời gian tăng thêm."
lcdc000182,Quy định về thời gian cán bộ công đoàn không chuyên trách được sử dụng cho hoạt động công đoàn và được trả lương.
lcdc000183,"Điều 24 Bảo đảm điều kiện hoạt động công đoàn
Cán bộ công đoàn không chuyên trách được nghỉ làm việc và được hưởng lương do đơn vị sử dụng lao động chi trả trong những ngày tham dự cuộc họp, tập huấn do công đoàn cấp trên triệu tập; chi phí đi lại, ăn ở và sinh hoạt trong những ngày tham dự cuộc họp, tập huấn do cấp công đoàn triệu tập chi trả."
lcdc000184,Bảo đảm về thời gian và chi phí cho cán bộ công đoàn không chuyên trách khi tham gia hoạt động công đoàn.
lcdc000185,"Điều 24 Bảo đảm điều kiện hoạt động công đoàn
Cán bộ công đoàn không chuyên trách do đơn vị sử dụng lao động trả lương, được hưởng phụ cấp trách nhiệm cán bộ công đoàn theo quy định của Tổng Liên đoàn Lao động Việt Nam."
lcdc000186,Quy định về phụ cấp trách nhiệm cho cán bộ công đoàn không chuyên trách
lcdc000187,"Điều 24 Bảo đảm điều kiện hoạt động công đoàn
Cán bộ công đoàn chuyên trách do Công đoàn trả lương, được đơn vị sử dụng lao động bảo đảm quyền lợi và phúc lợi tập thể như người lao động đang làm việc trong cơ quan, tổ chức, doanh nghiệp."
lcdc000188,Bảo đảm quyền lợi của cán bộ công đoàn chuyên trách do công đoàn trả lương.
lcdc000189,"Điều 25 Bảo đảm cho cán bộ công đoàn
Trường hợp hợp đồng lao động, hợp đồng làm việc hết hạn mà người lao động là cán bộ công đoàn không chuyên trách đang trong nhiệm kỳ thì được gia hạn hợp đồng lao động, hợp đồng làm việc đến hết nhiệm kỳ."
lcdc000190,Bảo đảm quyền lợi cho cán bộ công đoàn không chuyên trách khi hết hạn hợp đồng lao động.
lcdc000191,"Điều 25 Bảo đảm cho cán bộ công đoàn
Trường hợp hợp đồng lao động, hợp đồng làm việc hết hạn mà người lao động là cán bộ công đoàn không chuyên trách đang trong nhiệm kỳ thì được gia hạn hợp đồng lao động, hợp đồng làm việc đến hết nhiệm kỳ.
Đơn vị sử dụng lao động không được đơn phương chấm dứt hợp đồng lao động, hợp đồng làm việc, sa thải, buộc thôi việc hoặc thuyên chuyển công tác đối với cán bộ công đoàn không chuyên trách nếu không có ý kiến thỏa thuận bằng văn bản của Ban chấp hành công đoàn cơ sở hoặc Ban chấp hành công đoàn cấp trên trực tiếp cơ sở. Trường hợp không thỏa thuận được, hai bên phải báo cáo với cơ quan, tổ chức có thẩm quyền. Sau 30 ngày, kể từ ngày báo cáo cho cơ quan, tổ chức có thẩm quyền, đơn vị sử dụng lao động có quyền quyết định và phải chịu trách nhiệm về quyết định của mình.
Trường hợp người lao động là cán bộ công đoàn không chuyên trách bị cơ quan, tổ chức, doanh nghiệp chấm dứt hợp đồng lao động, hợp đồng làm việc, buộc thôi việc hoặc sa thải trái pháp luật thì Công đoàn có trách nhiệm yêu cầu cơ quan nhà nước có thẩm quyền can thiệp; nếu được ủy quyền thì Công đoàn đại diện khởi kiện tại Toà án để bảo vệ quyền, lợi ích hợp pháp cho cán bộ công đoàn; đồng thời hỗ trợ tìm việc làm mới và trợ cấp trong thời gian gián đoạn việc làm theo quy định của Tổng Liên đoàn Lao động Việt Nam."
lcdc000192,"Điều 25 Bảo đảm cho cán bộ công đoàn
Đơn vị sử dụng lao động không được đơn phương chấm dứt hợp đồng lao động, hợp đồng làm việc, sa thải, buộc thôi việc hoặc thuyên chuyển công tác đối với cán bộ công đoàn không chuyên trách nếu không có ý kiến thỏa thuận bằng văn bản của Ban chấp hành công đoàn cơ sở hoặc Ban chấp hành công đoàn cấp trên trực tiếp cơ sở. Trường hợp không thỏa thuận được, hai bên phải báo cáo với cơ quan, tổ chức có thẩm quyền. Sau 30 ngày, kể từ ngày báo cáo cho cơ quan, tổ chức có thẩm quyền, đơn vị sử dụng lao động có quyền quyết định và phải chịu trách nhiệm về quyết định của mình."
lcdc000193,Bảo vệ cán bộ công đoàn không chuyên trách khỏi bị đơn phương chấm dứt hợp đồng lao động.
lcdc000194,"Điều 25 Bảo đảm cho cán bộ công đoàn
Trường hợp người lao động là cán bộ công đoàn không chuyên trách bị cơ quan, tổ chức, doanh nghiệp chấm dứt hợp đồng lao động, hợp đồng làm việc, buộc thôi việc hoặc sa thải trái pháp luật thì Công đoàn có trách nhiệm yêu cầu cơ quan nhà nước có thẩm quyền can thiệp; nếu được ủy quyền thì Công đoàn đại diện khởi kiện tại Toà án để bảo vệ quyền, lợi ích hợp pháp cho cán bộ công đoàn; đồng thời hỗ trợ tìm việc làm mới và trợ cấp trong thời gian gián đoạn việc làm theo quy định của Tổng Liên đoàn Lao động Việt Nam."
lcdc000195,Công đoàn bảo vệ cán bộ công đoàn không chuyên trách bị xâm phạm quyền lợi lao động.
lcdc000196,"Điều 26 Tài chính công đoàn
Tài chính công đoàn gồm các nguồn thu sau đây:"
lcdc000197,Quy định về các nguồn thu tài chính của tổ chức công đoàn.
lcdc000198,"Điều 26 Tài chính công đoàn
Tài chính công đoàn gồm các nguồn thu sau đây:
Đoàn phí công đoàn do đoàn viên công đoàn đóng theo quy định của Điều lệ Công đoàn Việt Nam;
Kinh phí công đoàn do cơ quan, tổ chức, doanh nghiệp đóng bằng 2% quỹ tiền lương làm căn cứ đóng bảo hiểm xã hội cho người lao động;
Ngân sách nhà nước cấp hỗ trợ;
Nguồn thu khác từ hoạt động văn hóa, thể thao, hoạt động kinh tế của Công đoàn; từ đề án, dự án do Nhà nước giao; từ viện trợ, tài trợ của tổ chức, cá nhân trong nước và nước ngoài."
lcdc000199,"Điều 26 Tài chính công đoàn
Đoàn phí công đoàn do đoàn viên công đoàn đóng theo quy định của Điều lệ Công đoàn Việt Nam;"
lcdc000200,Quy định về nguồn tài chính công đoàn từ đoàn phí do đoàn viên đóng.
lcdc000201,"Điều 26 Tài chính công đoàn
Kinh phí công đoàn do cơ quan, tổ chức, doanh nghiệp đóng bằng 2% quỹ tiền lương làm căn cứ đóng bảo hiểm xã hội cho người lao động;"
lcdc000202,"Quy định về nguồn tài chính công đoàn từ đóng góp của cơ quan, tổ chức, doanh nghiệp."
lcdc000203,"Điều 26 Tài chính công đoàn
Ngân sách nhà nước cấp hỗ trợ;"
lcdc000204,Quy định về nguồn tài chính hỗ trợ cho hoạt động công đoàn từ ngân sách nhà nước.
lcdc000205,"Điều 26 Tài chính công đoàn
Nguồn thu khác từ hoạt động văn hóa, thể thao, hoạt động kinh tế của Công đoàn; từ đề án, dự án do Nhà nước giao; từ viện trợ, tài trợ của tổ chức, cá nhân trong nước và nước ngoài."
lcdc000206,"Quy định về các nguồn tài chính khác của công đoàn, bao gồm hoạt động văn hóa, thể thao, kinh tế, dự án nhà nước giao, viện trợ."
lcdc000207,"Điều 27 Quản lý, sử dụng tài chính công đoàn
Công đoàn thực hiện quản lý, sử dụng tài chính công đoàn theo quy định của pháp luật và quy định của Tổng Liên đoàn Lao động Việt Nam."
lcdc000208,Quy định chung về quản lý và sử dụng tài chính công đoàn.
lcdc000209,"Điều 27 Quản lý, sử dụng tài chính công đoàn
Công đoàn thực hiện quản lý, sử dụng tài chính công đoàn theo quy định của pháp luật và quy định của Tổng Liên đoàn Lao động Việt Nam.
Tài chính công đoàn được sử dụng cho hoạt động thực hiện quyền, trách nhiệm của Công đoàn và duy trì hoạt động của hệ thống công đoàn, bao gồm các nhiệm vụ sau đây:
Tuyên truyền, phổ biến, giáo dục đường lối, chủ trương, chính sách của Đảng, pháp luật của Nhà nước; nâng cao trình độ chuyên môn, kỹ năng nghề nghiệp cho người lao động;
Tổ chức hoạt động đại diện, bảo vệ quyền, lợi ích hợp pháp, chính đáng của người lao động;
Phát triển đoàn viên công đoàn, thành lập công đoàn cơ sở, xây dựng công đoàn vững mạnh;
Tổ chức phong trào thi đua do Công đoàn phát động;
Đào tạo, bồi dưỡng cán bộ công đoàn; đào tạo, bồi dưỡng người lao động ưu tú tạo nguồn cán bộ cho Đảng, Nhà nước và tổ chức công đoàn;
Tổ chức hoạt động văn hoá, thể thao, du lịch cho người lao động;
Tổ chức hoạt động về giới và bình đẳng giới;
Thăm hỏi, trợ cấp cho đoàn viên công đoàn và người lao động khi ốm đau, thai sản, hoạn nạn, khó khăn; tổ chức hoạt động chăm lo khác cho người lao động;
Động viên, khen thưởng người lao động, con của người lao động có thành tích trong học tập, công tác;
Trả lương cho cán bộ công đoàn chuyên trách, phụ cấp trách nhiệm cho cán bộ công đoàn không chuyên trách;
Chi cho hoạt động của bộ máy công đoàn các cấp;
Các nhiệm vụ chi khác."
lcdc000210,"Điều 27 Quản lý, sử dụng tài chính công đoàn
Tài chính công đoàn được sử dụng cho hoạt động thực hiện quyền, trách nhiệm của Công đoàn và duy trì hoạt động của hệ thống công đoàn, bao gồm các nhiệm vụ sau đây:
Tuyên truyền, phổ biến, giáo dục đường lối, chủ trương, chính sách của Đảng, pháp luật của Nhà nước; nâng cao trình độ chuyên môn, kỹ năng nghề nghiệp cho người lao động;"
lcdc000211,Quy định về mục đích sử dụng tài chính công đoàn cho các hoạt động công đoàn.
lcdc000212,"Điều 27 Quản lý, sử dụng tài chính công đoàn
Tài chính công đoàn được sử dụng cho hoạt động thực hiện quyền, trách nhiệm của Công đoàn và duy trì hoạt động của hệ thống công đoàn, bao gồm các nhiệm vụ sau đây:
Tổ chức hoạt động đại diện, bảo vệ quyền, lợi ích hợp pháp, chính đáng của người lao động;"
lcdc000213,Quy định về mục đích sử dụng tài chính công đoàn để bảo vệ quyền lợi người lao động.
lcdc000214,"Điều 27 Quản lý, sử dụng tài chính công đoàn
Tài chính công đoàn được sử dụng cho hoạt động thực hiện quyền, trách nhiệm của Công đoàn và duy trì hoạt động của hệ thống công đoàn, bao gồm các nhiệm vụ sau đây:
Phát triển đoàn viên công đoàn, thành lập công đoàn cơ sở, xây dựng công đoàn vững mạnh;"
lcdc000215,"Điều 27 Quản lý, sử dụng tài chính công đoàn
Tài chính công đoàn được sử dụng cho hoạt động thực hiện quyền, trách nhiệm của Công đoàn và duy trì hoạt động của hệ thống công đoàn, bao gồm các nhiệm vụ sau đây:
Tổ chức phong trào thi đua do Công đoàn phát động;"
lcdc000216,"Quy định về mục đích sử dụng tài chính công đoàn, bao gồm tổ chức phong trào thi đua."
lcdc000217,"Điều 27 Quản lý, sử dụng tài chính công đoàn
Tài chính công đoàn được sử dụng cho hoạt động thực hiện quyền, trách nhiệm của Công đoàn và duy trì hoạt động của hệ thống công đoàn, bao gồm các nhiệm vụ sau đây:
Đào tạo, bồi dưỡng cán bộ công đoàn; đào tạo, bồi dưỡng người lao động ưu tú tạo nguồn cán bộ cho Đảng, Nhà nước và tổ chức công đoàn;"
lcdc000218,"Quy định về sử dụng tài chính công đoàn cho đào tạo, bồi dưỡng cán bộ công đoàn và người lao động ưu tú."
lcdc000219,"Điều 27 Quản lý, sử dụng tài chính công đoàn
Tài chính công đoàn được sử dụng cho hoạt động thực hiện quyền, trách nhiệm của Công đoàn và duy trì hoạt động của hệ thống công đoàn, bao gồm các nhiệm vụ sau đây:
Tổ chức hoạt động văn hoá, thể thao, du lịch cho người lao động;"
lcdc000220,"Quy định về việc sử dụng tài chính công đoàn cho hoạt động văn hóa, thể thao, du lịch của người lao động."
lcdc000221,"Điều 27 Quản lý, sử dụng tài chính công đoàn
Tài chính công đoàn được sử dụng cho hoạt động thực hiện quyền, trách nhiệm của Công đoàn và duy trì hoạt động của hệ thống công đoàn, bao gồm các nhiệm vụ sau đây:
Tổ chức hoạt động về giới và bình đẳng giới;"
lcdc000222,Quy định về sử dụng tài chính công đoàn cho các hoạt động về giới và bình đẳng giới.
lcdc000223,"Điều 27 Quản lý, sử dụng tài chính công đoàn
Tài chính công đoàn được sử dụng cho hoạt động thực hiện quyền, trách nhiệm của Công đoàn và duy trì hoạt động của hệ thống công đoàn, bao gồm các nhiệm vụ sau đây:
Thăm hỏi, trợ cấp cho đoàn viên công đoàn và người lao động khi ốm đau, thai sản, hoạn nạn, khó khăn; tổ chức hoạt động chăm lo khác cho người lao động;"
lcdc000224,"Quy định về sử dụng tài chính công đoàn cho hoạt động thăm hỏi, trợ cấp và chăm lo cho đoàn viên và người lao động."
lcdc000225,"Điều 27 Quản lý, sử dụng tài chính công đoàn
Tài chính công đoàn được sử dụng cho hoạt động thực hiện quyền, trách nhiệm của Công đoàn và duy trì hoạt động của hệ thống công đoàn, bao gồm các nhiệm vụ sau đây:
Động viên, khen thưởng người lao động, con của người lao động có thành tích trong học tập, công tác;"
lcdc000226,Quy định về sử dụng tài chính công đoàn cho khen thưởng người lao động và con của họ.
lcdc000227,"Điều 27 Quản lý, sử dụng tài chính công đoàn
Tài chính công đoàn được sử dụng cho hoạt động thực hiện quyền, trách nhiệm của Công đoàn và duy trì hoạt động của hệ thống công đoàn, bao gồm các nhiệm vụ sau đây:
Trả lương cho cán bộ công đoàn chuyên trách, phụ cấp trách nhiệm cho cán bộ công đoàn không chuyên trách;"
lcdc000228,"Quy định về mục đích sử dụng tài chính công đoàn, bao gồm trả lương cán bộ công đoàn."
lcdc000229,"Điều 27 Quản lý, sử dụng tài chính công đoàn
Tài chính công đoàn được sử dụng cho hoạt động thực hiện quyền, trách nhiệm của Công đoàn và duy trì hoạt động của hệ thống công đoàn, bao gồm các nhiệm vụ sau đây:
Chi cho hoạt động của bộ máy công đoàn các cấp;"
lcdc000230,Quy định về mục đích sử dụng tài chính công đoàn cho hoạt động công đoàn và duy trì hệ thống.
lcdc000231,"Điều 27 Quản lý, sử dụng tài chính công đoàn
Tài chính công đoàn được sử dụng cho hoạt động thực hiện quyền, trách nhiệm của Công đoàn và duy trì hoạt động của hệ thống công đoàn, bao gồm các nhiệm vụ sau đây:
Các nhiệm vụ chi khác."
lcdc000232,"Điều 28 Tài sản công đoàn
Tài sản được hình thành từ nguồn đóng góp của đoàn viên công đoàn, từ nguồn vốn của Công đoàn; tài sản do Nhà nước chuyển giao quyền sở hữu cho Công đoàn và các nguồn khác phù hợp với quy định của pháp luật là tài sản thuộc sở hữu của Công đoàn."
lcdc000233,Quy định về các nguồn hình thành tài sản thuộc sở hữu của Công đoàn.
lcdc000234,"Điều 28 Tài sản công đoàn
Tài sản được hình thành từ nguồn đóng góp của đoàn viên công đoàn, từ nguồn vốn của Công đoàn; tài sản do Nhà nước chuyển giao quyền sở hữu cho Công đoàn và các nguồn khác phù hợp với quy định của pháp luật là tài sản thuộc sở hữu của Công đoàn.
Tổng Liên đoàn Lao động Việt Nam thực hiện quyền, trách nhiệm sở hữu tài sản của Công đoàn theo quy định của pháp luật."
lcdc000235,"Điều 28 Tài sản công đoàn
Tổng Liên đoàn Lao động Việt Nam thực hiện quyền, trách nhiệm sở hữu tài sản của Công đoàn theo quy định của pháp luật."
lcdc000236,Quy định về quyền sở hữu tài sản công đoàn do Tổng Liên đoàn Lao động Việt Nam thực hiện.
lcdc000237,"Điều 29 Kiểm tra, giám sát tài chính Công đoàn
Công đoàn cấp trên hướng dẫn, kiểm tra và giám sát việc thực hiện công tác tài chính của công đoàn cấp dưới theo quy định của pháp luật và quy định của Tổng Liên đoàn Lao động Việt Nam."
lcdc000238,"Quy định về việc kiểm tra, giám sát tài chính công đoàn các cấp."
lcdc000239,"Điều 29 Kiểm tra, giám sát tài chính Công đoàn
Công đoàn cấp trên hướng dẫn, kiểm tra và giám sát việc thực hiện công tác tài chính của công đoàn cấp dưới theo quy định của pháp luật và quy định của Tổng Liên đoàn Lao động Việt Nam.
Cơ quan kiểm tra của Công đoàn kiểm tra việc quản lý, sử dụng tài chính của Công đoàn theo quy định của pháp luật và quy định của Tổng Liên đoàn Lao động Việt Nam.
Cơ quan nhà nước có thẩm quyền giám sát, kiểm tra, thanh tra, kiểm toán việc quản lý, sử dụng tài chính của Công đoàn theo quy định của pháp luật."
lcdc000240,"Điều 29 Kiểm tra, giám sát tài chính Công đoàn
Cơ quan kiểm tra của Công đoàn kiểm tra việc quản lý, sử dụng tài chính của Công đoàn theo quy định của pháp luật và quy định của Tổng Liên đoàn Lao động Việt Nam."
lcdc000241,"Quy định về kiểm tra, giám sát tài chính công đoàn."
lcdc000242,"Điều 29 Kiểm tra, giám sát tài chính Công đoàn
Cơ quan nhà nước có thẩm quyền giám sát, kiểm tra, thanh tra, kiểm toán việc quản lý, sử dụng tài chính của Công đoàn theo quy định của pháp luật."
lcdc000243,"Quy định về việc kiểm tra, giám sát tài chính công đoàn bởi cơ quan nhà nước có thẩm quyền."
lcdc000244,"Điều 30 Giải quyết tranh chấp về quyền công đoàn
Khi phát sinh tranh chấp về quyền công đoàn giữa đoàn viên công đoàn, người lao động, tổ chức công đoàn với cơ quan, tổ chức, doanh nghiệp thì thẩm quyền, trình tự, thủ tục giải quyết tranh chấp được thực hiện theo quy định sau đây:"
lcdc000245,Quy định về giải quyết tranh chấp liên quan đến quyền công đoàn.
lcdc000246,"Điều 30 Giải quyết tranh chấp về quyền công đoàn
Khi phát sinh tranh chấp về quyền công đoàn giữa đoàn viên công đoàn, người lao động, tổ chức công đoàn với cơ quan, tổ chức, doanh nghiệp thì thẩm quyền, trình tự, thủ tục giải quyết tranh chấp được thực hiện theo quy định sau đây:
Tranh chấp thuộc phạm vi quyền, trách nhiệm của Công đoàn trong quan hệ lao động thì thẩm quyền, trình tự, thủ tục giải quyết theo pháp luật về giải quyết tranh chấp lao động;
Tranh chấp thuộc phạm vi quyền, trách nhiệm của Công đoàn trong các quan hệ khác thì thẩm quyền, trình tự, thủ tục giải quyết theo pháp luật tương ứng có liên quan;
Tranh chấp liên quan đến việc không thực hiện hoặc từ chối thực hiện trách nhiệm của đơn vị sử dụng lao động đối với Công đoàn thì công đoàn cơ sở hoặc công đoàn cấp trên trực tiếp cơ sở kiến nghị cơ quan nhà nước có thẩm quyền giải quyết hoặc khởi kiện tại Toà án theo quy định của pháp luật."
lcdc000247,"Điều 30 Giải quyết tranh chấp về quyền công đoàn
Tranh chấp thuộc phạm vi quyền, trách nhiệm của Công đoàn trong quan hệ lao động thì thẩm quyền, trình tự, thủ tục giải quyết theo pháp luật về giải quyết tranh chấp lao động;"
lcdc000248,Quy định về giải quyết tranh chấp liên quan đến quyền công đoàn trong quan hệ lao động.
lcdc000249,"Điều 30 Giải quyết tranh chấp về quyền công đoàn
Tranh chấp thuộc phạm vi quyền, trách nhiệm của Công đoàn trong các quan hệ khác thì thẩm quyền, trình tự, thủ tục giải quyết theo pháp luật tương ứng có liên quan;"
lcdc000250,Quy định về giải quyết tranh chấp liên quan đến quyền của công đoàn.
lcdc000251,"Điều 30 Giải quyết tranh chấp về quyền công đoàn
Tranh chấp liên quan đến việc không thực hiện hoặc từ chối thực hiện trách nhiệm của đơn vị sử dụng lao động đối với Công đoàn thì công đoàn cơ sở hoặc công đoàn cấp trên trực tiếp cơ sở kiến nghị cơ quan nhà nước có thẩm quyền giải quyết hoặc khởi kiện tại Toà án theo quy định của pháp luật."
lcdc000252,Quy định về giải quyết tranh chấp liên quan đến quyền công đoàn khi người sử dụng lao động vi phạm.
lcdc000253,"Điều 31 Xử lý vi phạm pháp luật về công đoàn
Cơ quan, tổ chức, doanh nghiệp, cá nhân có hành vi vi phạm quy định của Luật này và quy định khác của pháp luật có liên quan đến quyền công đoàn thì tùy theo tính chất, mức độ vi phạm mà bị xử lý kỷ luật, xử phạt vi phạm hành chính, bồi thường thiệt hại hoặc truy cứu trách nhiệm hình sự theo quy định của pháp luật."
lcdc000254,Quy định về xử lý vi phạm pháp luật liên quan đến quyền công đoàn.
lcdc000255,"Điều 31 Xử lý vi phạm pháp luật về công đoàn
Cơ quan, tổ chức, doanh nghiệp, cá nhân có hành vi vi phạm quy định của Luật này và quy định khác của pháp luật có liên quan đến quyền công đoàn thì tùy theo tính chất, mức độ vi phạm mà bị xử lý kỷ luật, xử phạt vi phạm hành chính, bồi thường thiệt hại hoặc truy cứu trách nhiệm hình sự theo quy định của pháp luật.
Chính phủ quy định chi tiết việc xử phạt vi phạm hành chính đối với hành vi vi phạm pháp luật về công đoàn."
lcdc000256,"Điều 31 Xử lý vi phạm pháp luật về công đoàn
Chính phủ quy định chi tiết việc xử phạt vi phạm hành chính đối với hành vi vi phạm pháp luật về công đoàn."
lcdc000257,Giao quyền cho Chính phủ quy định chi tiết xử phạt vi phạm hành chính về công đoàn.
lcdc000258,"Điều 32 Hiệu lực thi hành
Luật này có hiệu lực thi hành từ ngày 01 tháng 01 năm 2013."
lcdc000259,Quy định về thời điểm Luật Công đoàn chính thức có hiệu lực.
lcdc000260,"Điều 32 Hiệu lực thi hành
Luật này có hiệu lực thi hành từ ngày 01 tháng 01 năm 2013.
Luật Công đoàn năm 1990 hết hiệu lực kể từ ngày Luật này có hiệu lực."
lcdc000261,"Điều 32 Hiệu lực thi hành
Luật Công đoàn năm 1990 hết hiệu lực kể từ ngày Luật này có hiệu lực."
lcdc000262,Luật Công đoàn 2012 thay thế Luật Công đoàn 1990.
lcdc000263,"Điều 33 Quy định chi tiết và hướng dẫn thi hành
Chính phủ quy định chi tiết, hướng dẫn thi hành các điều, khoản được giao trong Luật."
lcdc000264,Giao quyền cho Chính phủ quy định chi tiết và hướng dẫn thi hành Luật Công đoàn.
lcdc000265,"Điều 33 Quy định chi tiết và hướng dẫn thi hành
Chính phủ quy định chi tiết, hướng dẫn thi hành các điều, khoản được giao trong Luật.
Luật này đã được Quốc hội nước Cộng hòa xã hội chủ nghĩa Việt Nam khóa XIII, kỳ họp thứ 3 thông qua ngày 20 tháng 6 năm 2012."
lcdc000266,"Điều 33 Quy định chi tiết và hướng dẫn thi hành
Luật này đã được Quốc hội nước Cộng hòa xã hội chủ nghĩa Việt Nam khóa XIII, kỳ họp thứ 3 thông qua ngày 20 tháng 6 năm 2012."
lcdc000267,Thông tin về thời điểm thông qua Luật Công đoàn.
